#include "lvgl.h"

#ifndef LV_ATTRIBUTE_MEM_ALIGN
#define LV_ATTRIBUTE_MEM_ALIGN
#endif

#ifndef LV_ATTRIBUTE_IMG_LEVEL_2
#define LV_ATTRIBUTE_IMG_LEVEL_2
#endif

const LV_ATTRIBUTE_MEM_ALIGN LV_ATTRIBUTE_LARGE_CONST LV_ATTRIBUTE_IMG_LEVEL_2 uint8_t level_2_map[] = {
#if LV_COLOR_DEPTH == 1 || LV_COLOR_DEPTH == 8
  /*Pixel format: Red: 3 bit, Green: 3 bit, Blue: 2 bit*/
  0x80, 0x80, 0x80, 0x80, 0x80, 0x80, 0x80, 0x80, 0x80, 0x80, 0x80, 0x80, 0x80, 0x80, 0x80, 
  0xa0, 0xa0, 0xa0, 0xa0, 0xa0, 0xa0, 0xa0, 0xa0, 0xa0, 0xa0, 0xa0, 0xa0, 0xa0, 0xa0, 0xa0, 
  0xa0, 0xa0, 0xa0, 0xa0, 0xa0, 0xa0, 0xa0, 0xa0, 0xa0, 0xa0, 0xa0, 0xa0, 0xa0, 0xa0, 0xa0, 
  0xa0, 0xa0, 0xa0, 0xa0, 0xa0, 0xa0, 0xa0, 0xa0, 0xa0, 0xa0, 0xa0, 0xa0, 0xa0, 0xa0, 0xa0, 
  0xa0, 0xa0, 0xa0, 0xa0, 0xa0, 0xa0, 0xa0, 0xa0, 0xa0, 0xa0, 0xa0, 0xa0, 0xa0, 0xa0, 0xa0, 
  0xa0, 0xa0, 0xa0, 0xa0, 0xa0, 0xa0, 0xa0, 0xa0, 0xa0, 0xa0, 0xa0, 0xa0, 0xa0, 0xa0, 0xa0, 
  0xa0, 0xa0, 0xa0, 0xa0, 0xa0, 0xa0, 0xa0, 0xa0, 0xa0, 0xa0, 0xa0, 0xa0, 0xa0, 0xa0, 0xa0, 
  0xa0, 0xa0, 0xa0, 0xa0, 0xa0, 0xa0, 0xa0, 0xa0, 0xa0, 0xa0, 0xa0, 0xa0, 0xa0, 0xa0, 0xa0, 
  0x80, 0x80, 0x80, 0x80, 0x80, 0x80, 0x80, 0x80, 0x80, 0x80, 0x80, 0x80, 0x80, 0x80, 0x80, 
  0x64, 0x64, 0x64, 0x64, 0x64, 0x64, 0x64, 0x64, 0x64, 0x64, 0x64, 0x64, 0x64, 0x64, 0x64, 
  0x45, 0x45, 0x45, 0x45, 0x45, 0x45, 0x45, 0x45, 0x45, 0x45, 0x45, 0x45, 0x45, 0x45, 0x45, 
  0x64, 0x64, 0x64, 0x64, 0x64, 0x64, 0x64, 0x64, 0x64, 0x64, 0x64, 0x64, 0x64, 0x64, 0x64, 
  0xa0, 0x80, 0x80, 0x80, 0x80, 0x80, 0x80, 0x80, 0x80, 0x80, 0x80, 0x80, 0x80, 0x80, 0x80, 
  0xa0, 0xa0, 0xa0, 0xa0, 0xa0, 0xa0, 0xa0, 0xa0, 0xa0, 0xa0, 0xa0, 0xa0, 0xa0, 0xa0, 0xa0, 
  0xc0, 0xa0, 0xa0, 0xa0, 0xa0, 0xa0, 0xa0, 0xa0, 0xa0, 0xa0, 0xa0, 0xa0, 0xa0, 0xc0, 0xa0, 
  0xc0, 0xc0, 0xc0, 0xc0, 0xc0, 0xc0, 0xc0, 0xc0, 0xc0, 0xc0, 0xc0, 0xc0, 0xc0, 0xc0, 0xc0, 
  0xc0, 0xc0, 0xc0, 0xc0, 0xc0, 0xc0, 0xc0, 0xc0, 0xc0, 0xc0, 0xc0, 0xc0, 0xc0, 0xc0, 0xc0, 
  0xc0, 0xc0, 0xc0, 0xc0, 0xc0, 0xc0, 0xc0, 0xc0, 0xc0, 0xc0, 0xc0, 0xc0, 0xc0, 0xc0, 0xc0, 
  0xc0, 0xc0, 0xa0, 0xa0, 0xa0, 0xa0, 0xa0, 0xa0, 0xa0, 0xa0, 0xa0, 0xc0, 0xc0, 0xa0, 0xa0, 
  0xa0, 0xa0, 0xa0, 0xa0, 0xa0, 0xa0, 0xa0, 0xa0, 0xa0, 0xa0, 0xa0, 0xa0, 0xa0, 0xa0, 0xa0, 
  0x84, 0x84, 0x84, 0x84, 0x84, 0x84, 0x84, 0x84, 0x84, 0x84, 0x84, 0x84, 0x84, 0x84, 0x84, 
  0x65, 0x65, 0x65, 0x65, 0x65, 0x65, 0x65, 0x65, 0x65, 0x65, 0x65, 0x65, 0x65, 0x65, 0x65, 
  0x65, 0x65, 0x65, 0x65, 0x65, 0x65, 0x65, 0x65, 0x65, 0x65, 0x65, 0x65, 0x65, 0x65, 0x65, 
  0xa4, 0x84, 0x84, 0x84, 0x84, 0x84, 0x84, 0x84, 0x84, 0x84, 0x84, 0x84, 0x84, 0xa4, 0x84, 
  0xc0, 0xc0, 0xc0, 0xc0, 0xc0, 0xc0, 0xc0, 0xc0, 0xc0, 0xc0, 0xc0, 0xc0, 0xc0, 0xc0, 0xc4, 
  0xe0, 0xc0, 0xc0, 0xc0, 0xc0, 0xc0, 0xc0, 0xc0, 0xc0, 0xc0, 0xc0, 0xc0, 0xc0, 0xc0, 0xc0, 
  0xe0, 0xe0, 0xe0, 0xc0, 0xc0, 0xc0, 0xc0, 0xe0, 0xe0, 0xc0, 0xc0, 0xc0, 0xe0, 0xe0, 0xe0, 
  0xe0, 0xe0, 0xe0, 0xe0, 0xe0, 0xc0, 0xe0, 0xe0, 0xe0, 0xc0, 0xe0, 0xe0, 0xe0, 0xe0, 0xe0, 
  0xe0, 0xe0, 0xe0, 0xe0, 0xe0, 0xe0, 0xe0, 0xe0, 0xe0, 0xe0, 0xe0, 0xe0, 0xe0, 0xe0, 0xe0, 
  0xe0, 0xe0, 0xe0, 0xe0, 0xc0, 0xc0, 0xe0, 0xe0, 0xe0, 0xc0, 0xc0, 0xe0, 0xe0, 0xe0, 0xe0, 
  0xc0, 0xc0, 0xc0, 0xc0, 0xc0, 0xc0, 0xc0, 0xc0, 0xc0, 0xc0, 0xc0, 0xc0, 0xc0, 0xc0, 0xc0, 
  0xc4, 0xa4, 0xa4, 0xa4, 0xa4, 0xa4, 0xa4, 0xa4, 0xa4, 0xa4, 0xa4, 0xa4, 0xa4, 0xa4, 0xa4, 
  0x85, 0x85, 0x84, 0x84, 0x85, 0x85, 0x85, 0x85, 0x85, 0x85, 0x85, 0x85, 0x85, 0x85, 0x85, 
  0x65, 0x65, 0x65, 0x65, 0x65, 0x65, 0x65, 0x65, 0x65, 0x65, 0x65, 0x65, 0x65, 0x65, 0x65, 
  0x65, 0x65, 0x65, 0x65, 0x65, 0x65, 0x65, 0x65, 0x65, 0x65, 0x65, 0x65, 0x65, 0x65, 0x65, 
  0xc5, 0xc5, 0xc5, 0xc5, 0xc5, 0xc5, 0xc5, 0xc5, 0xc5, 0xc5, 0xc5, 0xc5, 0xc5, 0xc5, 0xc5, 
  0xe4, 0xe4, 0xe4, 0xe4, 0xe4, 0xe4, 0xe4, 0xe4, 0xe4, 0xe4, 0xe4, 0xe4, 0xe4, 0xe4, 0xe4, 
  0xe4, 0xe4, 0xe4, 0xe4, 0xe4, 0xe4, 0xe4, 0xe4, 0xe4, 0xe4, 0xe4, 0xe4, 0xe4, 0xe4, 0xe4, 
  0xe4, 0xe4, 0xe4, 0xe4, 0xe4, 0xe4, 0xe4, 0xe4, 0xe4, 0xe4, 0xe4, 0xe4, 0xe4, 0xe4, 0xe4, 
  0xe4, 0xe4, 0xe4, 0xe4, 0xe4, 0xe4, 0xe4, 0xe4, 0xe4, 0xe4, 0xe4, 0xe4, 0xe4, 0xe4, 0xe4, 
  0xe4, 0xe4, 0xe4, 0xe4, 0xe4, 0xe4, 0xe4, 0xe4, 0xe4, 0xe4, 0xe4, 0xe4, 0xe4, 0xe4, 0xe4, 
  0xe4, 0xe4, 0xe4, 0xe4, 0xe4, 0xe4, 0xe4, 0xe4, 0xe4, 0xe4, 0xe4, 0xe4, 0xe4, 0xe4, 0xe4, 
  0xe4, 0xe4, 0xe4, 0xe4, 0xe4, 0xe4, 0xe4, 0xe4, 0xe4, 0xe4, 0xe4, 0xe4, 0xe4, 0xe4, 0xe4, 
  0xe5, 0xe4, 0xe4, 0xe4, 0xe4, 0xe4, 0xe4, 0xe5, 0xe5, 0xe5, 0xe5, 0xe5, 0xe5, 0xe5, 0xe5, 
  0x85, 0x85, 0x85, 0x85, 0x85, 0x85, 0x85, 0x85, 0x85, 0x85, 0x85, 0x85, 0x85, 0x85, 0x85, 
  0x45, 0x45, 0x45, 0x45, 0x45, 0x45, 0x45, 0x45, 0x45, 0x45, 0x45, 0x45, 0x45, 0x45, 0x45, 
  0x85, 0x85, 0x85, 0x85, 0x85, 0x85, 0x85, 0x85, 0x85, 0x85, 0x85, 0x85, 0x89, 0x85, 0x85, 
  0xe9, 0xe9, 0xe9, 0xe9, 0xe5, 0xe5, 0xe9, 0xe5, 0xe5, 0xe9, 0xe9, 0xe9, 0xe9, 0xe9, 0xe9, 
  0xe9, 0xe9, 0xe9, 0xe9, 0xe8, 0xe8, 0xe9, 0xe9, 0xe9, 0xe9, 0xe9, 0xe9, 0xe9, 0xe9, 0xe9, 
  0xe9, 0xe9, 0xe9, 0xe9, 0xe9, 0xe9, 0xe9, 0xe9, 0xe9, 0xe9, 0xe9, 0xe9, 0xe9, 0xe9, 0xe9, 
  0xe9, 0xe9, 0xe9, 0xe9, 0xe9, 0xe9, 0xe9, 0xe9, 0xe8, 0xe9, 0xe9, 0xe9, 0xe9, 0xe9, 0xe9, 
  0xe9, 0xe8, 0xe8, 0xe8, 0xe9, 0xe9, 0xe9, 0xe9, 0xe8, 0xe9, 0xe9, 0xe8, 0xe9, 0xe9, 0xe9, 
  0xe9, 0xe8, 0xe8, 0xe8, 0xe8, 0xe8, 0xe9, 0xe8, 0xe4, 0xe4, 0xe4, 0xe4, 0xe9, 0xe9, 0xe9, 
  0xe9, 0xe8, 0xe8, 0xe8, 0xe4, 0xe8, 0xe8, 0xe4, 0xe4, 0xe4, 0xe4, 0xe4, 0xe9, 0xe9, 0xe9, 
  0xe9, 0xe9, 0xe5, 0xe4, 0xe4, 0xe4, 0xe9, 0xe5, 0xe4, 0xe4, 0xe4, 0xe9, 0xe9, 0xe9, 0xe9, 
  0xc9, 0xc5, 0xc5, 0xc5, 0xc5, 0xc5, 0xc5, 0xc5, 0xc5, 0xc5, 0xc5, 0xc5, 0xc5, 0xc9, 0xc9, 
  0x89, 0x85, 0x85, 0x85, 0x85, 0x85, 0x85, 0x85, 0x85, 0x85, 0x85, 0x85, 0x85, 0x85, 0x89, 
  0x69, 0x69, 0x69, 0x69, 0x69, 0x69, 0x69, 0x69, 0x69, 0x69, 0x69, 0x69, 0x69, 0x69, 0x69, 
  0x89, 0x89, 0x89, 0x89, 0x89, 0x89, 0x89, 0x89, 0x89, 0x89, 0x89, 0x89, 0x89, 0x89, 0x89, 
  0xc9, 0xc9, 0xc9, 0xc9, 0xc9, 0xc9, 0xc9, 0xc9, 0xc9, 0xc9, 0xc9, 0xc9, 0xc9, 0xc9, 0xc9, 
  0xe9, 0xe9, 0xe9, 0xe8, 0xe8, 0xe9, 0xe9, 0xe9, 0xe9, 0xe9, 0xe9, 0xe9, 0xe9, 0xe9, 0xe9, 
  0xe9, 0xe9, 0xe8, 0xe8, 0xe8, 0xe8, 0xe9, 0xe9, 0xe9, 0xe9, 0xe9, 0xe8, 0xe8, 0xe9, 0xe9, 
  0xe9, 0xe8, 0xe8, 0xe8, 0xe8, 0xe8, 0xe9, 0xe8, 0xe8, 0xe8, 0xe8, 0xe8, 0xe8, 0xe8, 0xe9, 
  0xe9, 0xe8, 0xe8, 0xe8, 0xe8, 0xe8, 0xe8, 0xe8, 0xe8, 0xe8, 0xe8, 0xe8, 0xe8, 0xe8, 0xe9, 
  0xe9, 0xe9, 0xe8, 0xe8, 0xe8, 0xe8, 0xe8, 0xe8, 0xe8, 0xe8, 0xe8, 0xe8, 0xe8, 0xe8, 0xe8, 
  0xe9, 0xe9, 0xe8, 0xe8, 0xe8, 0xe8, 0xe8, 0xe8, 0xe8, 0xe8, 0xe8, 0xe8, 0xe8, 0xe8, 0xe8, 
  0xe9, 0xe9, 0xe9, 0xe9, 0xe8, 0xe8, 0xe8, 0xe9, 0xe9, 0xe9, 0xe9, 0xe9, 0xe9, 0xe9, 0xe9, 
  0xc9, 0xc9, 0xc9, 0xc9, 0xc9, 0xc9, 0xc9, 0xc9, 0xc9, 0xc9, 0xc9, 0xc9, 0xc9, 0xc9, 0xc9, 
  0x89, 0x89, 0x89, 0x89, 0x89, 0x89, 0x89, 0x89, 0x89, 0x89, 0x89, 0x89, 0x89, 0x89, 0x89, 
  0x69, 0x69, 0x69, 0x69, 0x69, 0x69, 0x69, 0x69, 0x69, 0x69, 0x69, 0x69, 0x69, 0x69, 0x69, 
  0x89, 0x89, 0x89, 0x89, 0x89, 0x89, 0x89, 0x89, 0x89, 0x89, 0x89, 0x89, 0x89, 0x89, 0x89, 
  0xed, 0xed, 0xed, 0xed, 0xed, 0xed, 0xed, 0xed, 0xed, 0xed, 0xed, 0xed, 0xed, 0xed, 0xed, 
  0xed, 0xed, 0xed, 0xec, 0xec, 0xec, 0xec, 0xec, 0xec, 0xec, 0xec, 0xec, 0xed, 0xed, 0xed, 
  0xec, 0xec, 0xec, 0xec, 0xec, 0xec, 0xec, 0xec, 0xec, 0xec, 0xec, 0xec, 0xec, 0xec, 0xec, 
  0xec, 0xec, 0xec, 0xec, 0xec, 0xec, 0xec, 0xec, 0xec, 0xec, 0xec, 0xec, 0xec, 0xed, 0xec, 
  0xec, 0xec, 0xec, 0xec, 0xec, 0xec, 0xec, 0xec, 0xec, 0xec, 0xec, 0xec, 0xed, 0xed, 0xed, 
  0xec, 0xec, 0xec, 0xec, 0xec, 0xec, 0xec, 0xec, 0xec, 0xec, 0xec, 0xec, 0xed, 0xed, 0xed, 
  0xec, 0xec, 0xec, 0xec, 0xec, 0xec, 0xec, 0xec, 0xec, 0xec, 0xec, 0xed, 0xed, 0xed, 0xed, 
  0xec, 0xed, 0xec, 0xec, 0xec, 0xec, 0xed, 0xed, 0xed, 0xed, 0xed, 0xed, 0xed, 0xed, 0xed, 
  0xcd, 0xcd, 0xcd, 0xc9, 0xc9, 0xcd, 0xc9, 0xc9, 0xc9, 0xc9, 0xc9, 0xcd, 0xcd, 0xcd, 0xcd, 
  0xa9, 0xa9, 0xa9, 0xa9, 0xa9, 0xa9, 0xa9, 0xa9, 0xa9, 0xa9, 0xa9, 0xa9, 0xa9, 0xa9, 0xa9, 
  0x69, 0x69, 0x69, 0x69, 0x69, 0x69, 0x69, 0x69, 0x69, 0x69, 0x69, 0x69, 0x69, 0x69, 0x69, 
  0x89, 0x89, 0x89, 0x89, 0x89, 0x89, 0x89, 0x89, 0x89, 0x89, 0x89, 0x89, 0x89, 0x89, 0x89, 
  0xcd, 0xcd, 0xcd, 0xcc, 0xcc, 0xcd, 0xcd, 0xcd, 0xcd, 0xcd, 0xcd, 0xcd, 0xcd, 0xcd, 0xcd, 
  0xf0, 0xf0, 0xf0, 0xf0, 0xf0, 0xf0, 0xf0, 0xf0, 0xf0, 0xf0, 0xf0, 0xf0, 0xf0, 0xf0, 0xf0, 
  0xf0, 0xf0, 0xf0, 0xf0, 0xf0, 0xf0, 0xf0, 0xf0, 0xf0, 0xf0, 0xf0, 0xf0, 0xf0, 0xf0, 0xf0, 
  0xf0, 0xf0, 0xf0, 0xf0, 0xf0, 0xf0, 0xf0, 0xf0, 0xf0, 0xf0, 0xf0, 0xf0, 0xf0, 0xf0, 0xf0, 
  0xf0, 0xf0, 0xf0, 0xf0, 0xf0, 0xf0, 0xf0, 0xf0, 0xf0, 0xf0, 0xf0, 0xf0, 0xf0, 0xf0, 0xf0, 
  0xf0, 0xf0, 0xf0, 0xf0, 0xf0, 0xf0, 0xf0, 0xf0, 0xf0, 0xf0, 0xf0, 0xf0, 0xf0, 0xf0, 0xf0, 
  0xf0, 0xf0, 0xf0, 0xf0, 0xf0, 0xf0, 0xf0, 0xf0, 0xf0, 0xf0, 0xf0, 0xf0, 0xf0, 0xf0, 0xf0, 
  0xf0, 0xf0, 0xf0, 0xf0, 0xf0, 0xf0, 0xf0, 0xf0, 0xf0, 0xf0, 0xf0, 0xf0, 0xf0, 0xf0, 0xf0, 
  0xf0, 0xf0, 0xf0, 0xf0, 0xf0, 0xf0, 0xf0, 0xf0, 0xf0, 0xf0, 0xf0, 0xf0, 0xf0, 0xf0, 0xf0, 
  0x8d, 0x89, 0x89, 0x89, 0x89, 0x89, 0x89, 0x89, 0x89, 0x89, 0x89, 0x89, 0x8d, 0x8d, 0x8d, 
  0x49, 0x49, 0x49, 0x49, 0x49, 0x49, 0x49, 0x49, 0x49, 0x49, 0x49, 0x49, 0x49, 0x49, 0x49, 
  0x8d, 0x8d, 0x6d, 0x69, 0x69, 0x69, 0x69, 0x6d, 0x8d, 0x8d, 0x8d, 0x8d, 0x8d, 0x8d, 0x6d, 
  0xd0, 0xd0, 0xd0, 0xd0, 0xd0, 0xd0, 0xd0, 0xd0, 0xd0, 0xd0, 0xd0, 0xd0, 0xd0, 0xd0, 0xd0, 
  0xf4, 0xf4, 0xf4, 0xf4, 0xf4, 0xf4, 0xf4, 0xf4, 0xf4, 0xf4, 0xf4, 0xf4, 0xf4, 0xf4, 0xf4, 
  0xf4, 0xf4, 0xf4, 0xf4, 0xf4, 0xf4, 0xf4, 0xf4, 0xf4, 0xf4, 0xf4, 0xf4, 0xf4, 0xf4, 0xf4, 
  0xf4, 0xf4, 0xf4, 0xf4, 0xf4, 0xf4, 0xf4, 0xf4, 0xf4, 0xf4, 0xf4, 0xf4, 0xf4, 0xf4, 0xf4, 
  0xf4, 0xf4, 0xf4, 0xf4, 0xf4, 0xf4, 0xf4, 0xf4, 0xf4, 0xf4, 0xf4, 0xf4, 0xf4, 0xf4, 0xf4, 
  0xf4, 0xf4, 0xf4, 0xf4, 0xf4, 0xf4, 0xf4, 0xf4, 0xf4, 0xf4, 0xf4, 0xf4, 0xf4, 0xf4, 0xf4, 
  0xf4, 0xf4, 0xf4, 0xf4, 0xf4, 0xf4, 0xf4, 0xf4, 0xf4, 0xf4, 0xf4, 0xf4, 0xf4, 0xf4, 0xf4, 
  0xf4, 0xf4, 0xf4, 0xf4, 0xf4, 0xf4, 0xf4, 0xf4, 0xf4, 0xf4, 0xf4, 0xf4, 0xf4, 0xf4, 0xf4, 
  0xf0, 0xf0, 0xf0, 0xf0, 0xf0, 0xf0, 0xf0, 0xf0, 0xf0, 0xf0, 0xf0, 0xf0, 0xf0, 0xf0, 0xf0, 
  0xad, 0xad, 0xac, 0xac, 0xac, 0xac, 0xac, 0xac, 0xac, 0xac, 0xac, 0xac, 0xac, 0xad, 0xad, 
  0x69, 0x69, 0x69, 0x69, 0x69, 0x69, 0x69, 0x69, 0x69, 0x69, 0x69, 0x69, 0x69, 0x69, 0x69, 
  0x8d, 0x8d, 0x8d, 0x8d, 0x8d, 0x8d, 0x8d, 0x8d, 0x8d, 0x8d, 0x8d, 0x8d, 0x8d, 0x8d, 0x8d, 
  0xd0, 0xd0, 0xd0, 0xd0, 0xd0, 0xd0, 0xd0, 0xd0, 0xd0, 0xd0, 0xd0, 0xd0, 0xd0, 0xd0, 0xd0, 
  0xf4, 0xf4, 0xf4, 0xf4, 0xf4, 0xf4, 0xf4, 0xf4, 0xf4, 0xf4, 0xf4, 0xf4, 0xf4, 0xf4, 0xf4, 
  0xf8, 0xf8, 0xf8, 0xf8, 0xf8, 0xf8, 0xf8, 0xf8, 0xf8, 0xf8, 0xf8, 0xf8, 0xf8, 0xf8, 0xf8, 
  0xf8, 0xf8, 0xf8, 0xf8, 0xf8, 0xf8, 0xf8, 0xf8, 0xf8, 0xf8, 0xf8, 0xf8, 0xf8, 0xf8, 0xf8, 
  0xf8, 0xf8, 0xf8, 0xf8, 0xf8, 0xf8, 0xf8, 0xf8, 0xf8, 0xf8, 0xf8, 0xf8, 0xf8, 0xf8, 0xf8, 
  0xf8, 0xf8, 0xf8, 0xf8, 0xf8, 0xf8, 0xf8, 0xf8, 0xf8, 0xf8, 0xf8, 0xf8, 0xf8, 0xf8, 0xf8, 
  0xf8, 0xf8, 0xf8, 0xf8, 0xf8, 0xf8, 0xf8, 0xf8, 0xf8, 0xf8, 0xf8, 0xf8, 0xf8, 0xf8, 0xf8, 
  0xf8, 0xf8, 0xf8, 0xf8, 0xf8, 0xf8, 0xf8, 0xf8, 0xf8, 0xf8, 0xf8, 0xf8, 0xf8, 0xf8, 0xf8, 
  0xf4, 0xf4, 0xf4, 0xf4, 0xf4, 0xf4, 0xf4, 0xf4, 0xf4, 0xf4, 0xf4, 0xf4, 0xf4, 0xf4, 0xf4, 
  0xb0, 0xb0, 0xb0, 0xb0, 0xb0, 0xb0, 0xb0, 0xb0, 0xb0, 0xb0, 0xb0, 0xb0, 0xb0, 0xb0, 0xb0, 
  0x69, 0x69, 0x69, 0x69, 0x69, 0x69, 0x69, 0x69, 0x69, 0x69, 0x69, 0x69, 0x69, 0x69, 0x69, 
  0x6d, 0x6d, 0x6d, 0x6d, 0x6d, 0x6d, 0x6d, 0x6d, 0x6d, 0x6d, 0x6d, 0x6d, 0x6d, 0x6d, 0x6d, 
  0xd4, 0xd4, 0xd4, 0xd4, 0xd4, 0xd4, 0xd4, 0xd4, 0xd4, 0xd4, 0xd4, 0xd4, 0xd4, 0xd4, 0xd4, 
  0xf8, 0xf8, 0xf8, 0xf8, 0xf8, 0xf8, 0xf8, 0xf8, 0xf8, 0xf8, 0xf8, 0xf8, 0xf8, 0xf8, 0xf8, 
  0xfc, 0xfc, 0xfc, 0xfc, 0xfc, 0xfc, 0xfc, 0xfc, 0xfc, 0xfc, 0xfc, 0xfc, 0xfc, 0xfc, 0xfc, 
  0xfc, 0xfc, 0xfc, 0xfc, 0xfc, 0xfc, 0xfc, 0xfc, 0xfc, 0xfc, 0xfc, 0xfc, 0xfc, 0xfc, 0xfc, 
  0xfc, 0xfc, 0xfc, 0xfc, 0xfc, 0xfc, 0xfc, 0xfc, 0xfc, 0xfc, 0xfc, 0xfc, 0xfc, 0xfc, 0xfc, 
  0xfc, 0xfc, 0xfc, 0xfc, 0xfc, 0xfc, 0xfc, 0xfc, 0xfc, 0xfc, 0xfc, 0xfc, 0xfc, 0xfc, 0xfc, 
  0xfc, 0xfc, 0xfc, 0xfc, 0xfc, 0xfc, 0xfc, 0xfc, 0xfc, 0xfc, 0xfc, 0xfc, 0xfc, 0xfc, 0xfc, 
  0xfc, 0xfc, 0xfc, 0xfc, 0xfc, 0xfc, 0xfc, 0xfc, 0xfc, 0xfc, 0xfc, 0xfc, 0xfc, 0xfc, 0xfc, 
  0xf8, 0xf8, 0xf8, 0xf8, 0xf8, 0xf8, 0xf8, 0xf8, 0xf8, 0xf8, 0xf8, 0xf8, 0xf8, 0xf8, 0xf8, 
  0xb4, 0xb4, 0xb4, 0xb4, 0xb4, 0xb4, 0xb4, 0xb4, 0xb4, 0xb4, 0xb4, 0xb4, 0xb4, 0xb4, 0xb4, 
  0x6d, 0x6d, 0x6d, 0x6d, 0x6d, 0x6d, 0x6d, 0x6d, 0x6d, 0x6d, 0x6d, 0x6d, 0x6d, 0x6d, 0x8d, 
  0x6d, 0x6d, 0x6d, 0x6d, 0x6d, 0x6d, 0x6d, 0x6d, 0x6d, 0x6d, 0x6d, 0x6d, 0x6d, 0x6d, 0x8d, 
  0xb4, 0xb4, 0xb4, 0xb4, 0xb4, 0xb4, 0xb4, 0xb4, 0xb4, 0xb4, 0xb4, 0xb4, 0xb4, 0xb4, 0xb4, 
  0xd8, 0xd8, 0xd8, 0xd8, 0xd8, 0xd8, 0xd8, 0xd8, 0xd8, 0xd8, 0xd8, 0xd8, 0xd8, 0xd8, 0xd8, 
  0xfc, 0xfc, 0xfc, 0xfc, 0xfc, 0xfc, 0xfc, 0xfc, 0xfc, 0xfc, 0xfc, 0xfc, 0xfc, 0xfc, 0xfc, 
  0xfc, 0xfc, 0xfc, 0xfc, 0xfc, 0xfc, 0xfc, 0xfc, 0xfc, 0xfc, 0xfc, 0xfc, 0xfc, 0xfc, 0xfc, 
  0xfc, 0xfc, 0xfc, 0xfc, 0xfc, 0xfc, 0xfc, 0xfc, 0xfc, 0xfc, 0xfc, 0xfc, 0xfc, 0xfc, 0xfc, 
  0xfc, 0xfc, 0xfc, 0xfc, 0xfc, 0xfc, 0xfc, 0xfc, 0xfc, 0xfc, 0xfc, 0xfc, 0xfc, 0xfc, 0xfc, 
  0xfc, 0xfc, 0xfc, 0xfc, 0xfc, 0xfc, 0xfc, 0xfc, 0xfc, 0xfc, 0xfc, 0xfc, 0xfc, 0xfc, 0xfc, 
  0xfc, 0xfc, 0xfc, 0xfc, 0xfc, 0xfc, 0xfc, 0xfc, 0xfc, 0xfc, 0xfc, 0xfc, 0xfc, 0xfc, 0xfc, 
  0xfc, 0xfc, 0xfc, 0xfc, 0xfc, 0xfc, 0xfc, 0xfc, 0xfc, 0xfc, 0xfc, 0xfc, 0xfc, 0xfc, 0xfc, 
  0xb4, 0xb4, 0xb4, 0xb4, 0xb4, 0xb4, 0xb4, 0xb4, 0xb4, 0xb4, 0xb4, 0xb4, 0xb4, 0xb4, 0xb4, 
  0x6d, 0x6d, 0x6d, 0x6d, 0x6d, 0x6d, 0x6d, 0x6d, 0x6d, 0x6d, 0x6d, 0x6d, 0x6d, 0x6d, 0x6d, 
  0x6d, 0x6d, 0x6d, 0x6d, 0x6d, 0x6d, 0x6d, 0x6d, 0x6d, 0x6d, 0x6d, 0x6d, 0x6d, 0x6d, 0x6d, 
  0x91, 0x91, 0x91, 0x91, 0x91, 0x91, 0x91, 0x91, 0x91, 0x91, 0x91, 0x91, 0x91, 0x91, 0x91, 
  0xd8, 0xd8, 0xd8, 0xd8, 0xb8, 0xb8, 0xb8, 0xb8, 0xd8, 0xd8, 0xd8, 0xd8, 0xd8, 0xd8, 0xd8, 
  0xdc, 0xdc, 0xdc, 0xdc, 0xdc, 0xdc, 0xdc, 0xdc, 0xdc, 0xdc, 0xdc, 0xdc, 0xdc, 0xdc, 0xdc, 
  0xdc, 0xdc, 0xdc, 0xdc, 0xdc, 0xdc, 0xdc, 0xdc, 0xdc, 0xdc, 0xdc, 0xdc, 0xdc, 0xdc, 0xdc, 
  0xdc, 0xdc, 0xdc, 0xdc, 0xdc, 0xdc, 0xdc, 0xdc, 0xdc, 0xdc, 0xdc, 0xdc, 0xdc, 0xdc, 0xdc, 
  0xdc, 0xdc, 0xdc, 0xdc, 0xdc, 0xdc, 0xdc, 0xdc, 0xdc, 0xdc, 0xdc, 0xdc, 0xdc, 0xdc, 0xdc, 
  0xdc, 0xdc, 0xdc, 0xdc, 0xdc, 0xdc, 0xdc, 0xdc, 0xdc, 0xdc, 0xdc, 0xdc, 0xdc, 0xdc, 0xdc, 
  0xdc, 0xdc, 0xdc, 0xdc, 0xdc, 0xdc, 0xdc, 0xdc, 0xdc, 0xdc, 0xdc, 0xdc, 0xdc, 0xdc, 0xdc, 
  0xdc, 0xd8, 0xd8, 0xd8, 0xd8, 0xd8, 0xd8, 0xd8, 0xd8, 0xd8, 0xd8, 0xd8, 0xd8, 0xdc, 0xdc, 
  0x94, 0x94, 0x94, 0x94, 0x94, 0x94, 0x94, 0x94, 0x94, 0x94, 0x94, 0x95, 0x95, 0x95, 0x95, 
  0x6d, 0x6d, 0x6d, 0x6d, 0x6d, 0x6d, 0x6d, 0x6d, 0x6d, 0x6d, 0x6d, 0x6d, 0x6d, 0x6d, 0x6d, 
  0x4d, 0x4d, 0x4d, 0x4d, 0x4d, 0x4d, 0x4d, 0x4d, 0x4d, 0x4d, 0x4d, 0x4d, 0x4d, 0x4d, 0x4d, 
  0x71, 0x71, 0x71, 0x71, 0x71, 0x71, 0x71, 0x71, 0x71, 0x71, 0x71, 0x71, 0x71, 0x71, 0x71, 
  0x99, 0x98, 0x98, 0x98, 0x98, 0x98, 0x98, 0x98, 0x98, 0x98, 0x98, 0x98, 0x98, 0x99, 0x99, 
  0xbc, 0xbc, 0xbc, 0xbc, 0xbc, 0xbc, 0xbc, 0xbc, 0xbc, 0xbc, 0xbc, 0xbc, 0xbc, 0xbc, 0xbc, 
  0xbc, 0xbc, 0xbc, 0xbc, 0xbc, 0xbc, 0xbc, 0xbc, 0xbc, 0xbc, 0xbc, 0xbc, 0xbc, 0xbc, 0xbc, 
  0xbc, 0xbc, 0xbc, 0xbc, 0xbc, 0xbc, 0xbc, 0xbc, 0xbc, 0xbc, 0xbc, 0xbc, 0xbc, 0xbc, 0xbc, 
  0xbc, 0xbc, 0xbc, 0xbc, 0xbc, 0xbc, 0xbc, 0xbc, 0xbc, 0xbc, 0xbc, 0xbc, 0xbc, 0xbc, 0xbc, 
  0xbc, 0xbc, 0xbc, 0xbc, 0xbc, 0xbc, 0xbc, 0xbc, 0xbc, 0xbc, 0xbc, 0xbc, 0xbc, 0xbc, 0xbc, 
  0xbc, 0xbc, 0xbc, 0xbc, 0xbc, 0xbc, 0xbc, 0xbc, 0xbc, 0xbc, 0xbc, 0xbc, 0xbc, 0xbc, 0xbd, 
  0xbc, 0xbc, 0xbc, 0xbc, 0xbc, 0xbc, 0xbc, 0xbc, 0xbc, 0xbc, 0xbc, 0xbc, 0xbc, 0xbd, 0xbd, 
  0x95, 0x95, 0x95, 0x95, 0x95, 0x95, 0x95, 0x95, 0x95, 0x95, 0x95, 0x95, 0x95, 0x95, 0x95, 
  0x49, 0x49, 0x49, 0x49, 0x49, 0x49, 0x49, 0x49, 0x49, 0x49, 0x49, 0x49, 0x49, 0x49, 0x49, 
  0x4d, 0x49, 0x49, 0x49, 0x49, 0x49, 0x49, 0x49, 0x49, 0x49, 0x4d, 0x49, 0x49, 0x4d, 0x4d, 
  0x75, 0x75, 0x75, 0x75, 0x75, 0x75, 0x75, 0x75, 0x75, 0x75, 0x75, 0x75, 0x75, 0x75, 0x75, 
  0x79, 0x79, 0x79, 0x79, 0x79, 0x79, 0x79, 0x79, 0x79, 0x79, 0x79, 0x79, 0x79, 0x79, 0x79, 
  0x9d, 0x9d, 0x9d, 0x9d, 0x9d, 0x9d, 0x9d, 0x9d, 0x9d, 0x9d, 0x9d, 0x9d, 0x9d, 0x9d, 0x9d, 
  0x9d, 0x9d, 0x9d, 0x9d, 0x9d, 0x9d, 0x9d, 0x9d, 0x9d, 0x9d, 0x9d, 0x9d, 0x9d, 0x9d, 0x9d, 
  0x9d, 0x9d, 0x7d, 0x7d, 0x9d, 0x9d, 0x9d, 0x9d, 0x9d, 0x9d, 0x9d, 0x9d, 0x9d, 0x9d, 0x9d, 
  0x9d, 0x9d, 0x7d, 0x7d, 0x7d, 0x7d, 0x7d, 0x9d, 0x9d, 0x9d, 0x9d, 0x9d, 0x9d, 0x9d, 0x9d, 
  0x9d, 0x7d, 0x7d, 0x7d, 0x7c, 0x7d, 0x7d, 0x7d, 0x7d, 0x9d, 0x9d, 0x9d, 0x9d, 0x9d, 0x9d, 
  0x7d, 0x7d, 0x7d, 0x7c, 0x7c, 0x7d, 0x7d, 0x7d, 0x7d, 0x7d, 0x7d, 0x7d, 0x7d, 0x9d, 0x9d, 
  0x79, 0x79, 0x79, 0x79, 0x79, 0x79, 0x79, 0x79, 0x79, 0x79, 0x79, 0x79, 0x79, 0x79, 0x79, 
  0x71, 0x71, 0x51, 0x51, 0x51, 0x71, 0x71, 0x71, 0x71, 0x71, 0x71, 0x71, 0x71, 0x71, 0x71, 
  0x4d, 0x4d, 0x4d, 0x4d, 0x4d, 0x4d, 0x4d, 0x4d, 0x4d, 0x4d, 0x4d, 0x4d, 0x4d, 0x4d, 0x4d, 
  0x4d, 0x4d, 0x4d, 0x4d, 0x4d, 0x4d, 0x4d, 0x4d, 0x4d, 0x4d, 0x4d, 0x4d, 0x4d, 0x4d, 0x4d, 
  0x55, 0x55, 0x55, 0x55, 0x55, 0x55, 0x55, 0x55, 0x55, 0x55, 0x55, 0x55, 0x55, 0x55, 0x55, 
  0x59, 0x59, 0x59, 0x59, 0x59, 0x59, 0x59, 0x59, 0x59, 0x59, 0x59, 0x59, 0x59, 0x59, 0x59, 
  0x5d, 0x59, 0x59, 0x59, 0x59, 0x59, 0x59, 0x59, 0x59, 0x59, 0x59, 0x59, 0x59, 0x5d, 0x7d, 
  0x5d, 0x5d, 0x5d, 0x5d, 0x5d, 0x59, 0x59, 0x5d, 0x59, 0x59, 0x59, 0x5d, 0x5d, 0x5d, 0x7d, 
  0x5d, 0x5d, 0x5d, 0x5d, 0x59, 0x59, 0x5d, 0x5d, 0x5d, 0x5d, 0x5d, 0x5d, 0x5d, 0x5d, 0x5d, 
  0x5d, 0x5d, 0x5d, 0x59, 0x59, 0x59, 0x59, 0x5d, 0x5d, 0x5d, 0x5d, 0x5d, 0x5d, 0x5d, 0x5d, 
  0x5d, 0x5d, 0x5d, 0x59, 0x59, 0x59, 0x59, 0x59, 0x5d, 0x5d, 0x5d, 0x5d, 0x5d, 0x5d, 0x5d, 
  0x59, 0x59, 0x59, 0x59, 0x59, 0x59, 0x59, 0x59, 0x59, 0x59, 0x59, 0x59, 0x59, 0x59, 0x59, 
  0x55, 0x55, 0x55, 0x55, 0x55, 0x55, 0x55, 0x55, 0x55, 0x55, 0x55, 0x55, 0x55, 0x55, 0x55, 
  0x51, 0x51, 0x51, 0x51, 0x51, 0x51, 0x51, 0x51, 0x51, 0x51, 0x51, 0x51, 0x51, 0x51, 0x51, 
  0x4d, 0x4d, 0x4d, 0x4d, 0x4d, 0x4d, 0x4d, 0x4d, 0x4d, 0x4d, 0x4d, 0x4d, 0x4d, 0x4d, 0x4d, 
  0x4d, 0x4d, 0x4d, 0x4d, 0x4d, 0x4d, 0x2d, 0x2d, 0x4d, 0x4d, 0x4d, 0x4d, 0x4d, 0x4d, 0x4d, 
  0x55, 0x35, 0x35, 0x35, 0x35, 0x35, 0x35, 0x35, 0x35, 0x35, 0x35, 0x35, 0x35, 0x35, 0x35, 
  0x39, 0x39, 0x39, 0x39, 0x39, 0x39, 0x39, 0x39, 0x39, 0x39, 0x39, 0x39, 0x39, 0x39, 0x39, 
  0x39, 0x39, 0x39, 0x39, 0x39, 0x39, 0x39, 0x39, 0x39, 0x39, 0x39, 0x39, 0x39, 0x39, 0x39, 
  0x39, 0x39, 0x39, 0x39, 0x39, 0x39, 0x39, 0x39, 0x39, 0x39, 0x39, 0x39, 0x39, 0x39, 0x39, 
  0x39, 0x39, 0x39, 0x39, 0x39, 0x39, 0x39, 0x39, 0x39, 0x39, 0x39, 0x39, 0x39, 0x39, 0x39, 
  0x39, 0x39, 0x39, 0x39, 0x39, 0x39, 0x39, 0x39, 0x39, 0x39, 0x39, 0x39, 0x39, 0x39, 0x39, 
  0x39, 0x39, 0x39, 0x39, 0x39, 0x39, 0x39, 0x39, 0x39, 0x39, 0x39, 0x39, 0x39, 0x39, 0x39, 
  0x39, 0x39, 0x39, 0x39, 0x39, 0x39, 0x39, 0x39, 0x39, 0x39, 0x39, 0x39, 0x39, 0x39, 0x39, 
  0x35, 0x35, 0x35, 0x35, 0x35, 0x35, 0x35, 0x35, 0x35, 0x35, 0x35, 0x35, 0x35, 0x35, 0x35, 
  0x2d, 0x2d, 0x2d, 0x2d, 0x2d, 0x2d, 0x2d, 0x2d, 0x2d, 0x2d, 0x2d, 0x2d, 0x2d, 0x2d, 0x2d, 
  0x2d, 0x2d, 0x2d, 0x2d, 0x2d, 0x2d, 0x2d, 0x2d, 0x2d, 0x2d, 0x2d, 0x2d, 0x2d, 0x2d, 0x2d, 
  0x31, 0x31, 0x31, 0x31, 0x31, 0x31, 0x31, 0x31, 0x31, 0x31, 0x31, 0x31, 0x31, 0x31, 0x31, 
  0x35, 0x35, 0x35, 0x35, 0x35, 0x35, 0x35, 0x35, 0x35, 0x35, 0x35, 0x35, 0x35, 0x35, 0x35, 
  0x39, 0x39, 0x39, 0x39, 0x39, 0x39, 0x39, 0x39, 0x39, 0x39, 0x39, 0x39, 0x39, 0x39, 0x39, 
  0x39, 0x39, 0x39, 0x39, 0x39, 0x39, 0x39, 0x39, 0x39, 0x39, 0x39, 0x39, 0x39, 0x39, 0x39, 
  0x39, 0x39, 0x39, 0x39, 0x39, 0x39, 0x39, 0x39, 0x39, 0x39, 0x39, 0x39, 0x39, 0x39, 0x39, 
  0x39, 0x39, 0x39, 0x39, 0x39, 0x39, 0x39, 0x39, 0x39, 0x39, 0x39, 0x39, 0x39, 0x39, 0x39, 
  0x39, 0x39, 0x39, 0x39, 0x39, 0x39, 0x39, 0x39, 0x39, 0x39, 0x39, 0x39, 0x39, 0x39, 0x39, 
  0x39, 0x39, 0x39, 0x39, 0x39, 0x39, 0x39, 0x39, 0x39, 0x39, 0x39, 0x39, 0x39, 0x39, 0x39, 
  0x39, 0x35, 0x35, 0x35, 0x35, 0x35, 0x35, 0x39, 0x39, 0x39, 0x39, 0x39, 0x39, 0x39, 0x39, 
#endif
#if LV_COLOR_DEPTH == 16 && LV_COLOR_16_SWAP == 0
  /*Pixel format: Red: 5 bit, Green: 6 bit, Blue: 5 bit*/
  0x83, 0x78, 0x83, 0x78, 0x62, 0x78, 0x62, 0x78, 0x82, 0x78, 0x62, 0x78, 0x62, 0x78, 0x82, 0x78, 0x82, 0x78, 0x82, 0x78, 0x83, 0x78, 0x83, 0x78, 0x83, 0x78, 0x83, 0x78, 0x83, 0x78, 
  0x22, 0x98, 0x22, 0x98, 0x22, 0x98, 0x22, 0x98, 0x22, 0x98, 0x22, 0x98, 0x22, 0x98, 0x21, 0x98, 0x21, 0x98, 0x22, 0x98, 0x22, 0x98, 0x22, 0x98, 0x22, 0x98, 0x22, 0x98, 0x22, 0x98, 
  0x02, 0xa8, 0x01, 0xa0, 0x01, 0xa0, 0x01, 0xa0, 0x01, 0xa0, 0x01, 0xa0, 0x01, 0xa0, 0x01, 0xa0, 0x01, 0xa0, 0x01, 0xa0, 0x01, 0xa8, 0x01, 0xa8, 0x02, 0xa0, 0x02, 0xa8, 0x02, 0xa8, 
  0x02, 0xa8, 0x01, 0xa8, 0x01, 0xa8, 0x01, 0xa8, 0x01, 0xa8, 0x01, 0xa8, 0x01, 0xa8, 0x01, 0xa8, 0x01, 0xa8, 0x01, 0xa8, 0x01, 0xa8, 0x01, 0xa8, 0x01, 0xa8, 0x02, 0xa8, 0x02, 0xa8, 
  0x01, 0xa8, 0x01, 0xa8, 0x01, 0xa8, 0x01, 0xa8, 0x01, 0xa8, 0x01, 0xa8, 0x01, 0xa8, 0x01, 0xa8, 0x01, 0xa8, 0x01, 0xa8, 0x01, 0xa8, 0x01, 0xa8, 0x01, 0xa8, 0x02, 0xa8, 0x02, 0xa8, 
  0x01, 0xa8, 0x01, 0xa8, 0x01, 0xa8, 0x01, 0xa8, 0x01, 0xa8, 0x01, 0xa8, 0x01, 0xa8, 0x01, 0xa8, 0x01, 0xa8, 0x01, 0xa8, 0x01, 0xa8, 0x01, 0xa8, 0x01, 0xa8, 0x02, 0xa8, 0x02, 0xa8, 
  0x02, 0xa8, 0x02, 0xa8, 0x01, 0xa8, 0x01, 0xa8, 0x01, 0xa8, 0x01, 0xa8, 0x01, 0xa8, 0x01, 0xa8, 0x01, 0xa8, 0x01, 0xa8, 0x01, 0xa8, 0x01, 0xa8, 0x01, 0xa8, 0x02, 0xa8, 0x02, 0xa8, 
  0x22, 0xa0, 0x22, 0xa0, 0x22, 0xa0, 0x22, 0xa0, 0x22, 0xa0, 0x22, 0xa0, 0x22, 0xa0, 0x22, 0xa0, 0x22, 0xa0, 0x22, 0xa0, 0x22, 0xa0, 0x22, 0xa0, 0x22, 0xa0, 0x22, 0xa0, 0x22, 0xa0, 
  0x63, 0x88, 0x62, 0x88, 0x62, 0x88, 0x62, 0x88, 0x62, 0x88, 0x62, 0x88, 0x62, 0x88, 0x62, 0x88, 0x62, 0x88, 0x62, 0x88, 0x62, 0x88, 0x62, 0x88, 0x62, 0x88, 0x62, 0x88, 0x63, 0x88, 
  0xc4, 0x60, 0xc3, 0x60, 0xc3, 0x60, 0xc3, 0x60, 0xc3, 0x60, 0xc3, 0x60, 0xc3, 0x60, 0xc3, 0x60, 0xc4, 0x60, 0xc3, 0x60, 0xc3, 0x60, 0xc4, 0x60, 0xc4, 0x60, 0xc4, 0x60, 0xc4, 0x60, 
  0x04, 0x51, 0x04, 0x49, 0x04, 0x49, 0x04, 0x49, 0x04, 0x49, 0x04, 0x49, 0x04, 0x49, 0x04, 0x49, 0x04, 0x49, 0x04, 0x49, 0x04, 0x49, 0x04, 0x49, 0x04, 0x51, 0x04, 0x51, 0x04, 0x51, 
  0xc4, 0x68, 0xc4, 0x68, 0xc3, 0x68, 0xc3, 0x68, 0xc3, 0x68, 0xc3, 0x68, 0xc3, 0x68, 0xc3, 0x68, 0xc4, 0x68, 0xc4, 0x68, 0xc4, 0x60, 0xc4, 0x68, 0xc4, 0x68, 0xc4, 0x68, 0xc4, 0x68, 
  0x63, 0x90, 0x63, 0x90, 0x63, 0x90, 0x63, 0x90, 0x43, 0x90, 0x42, 0x90, 0x62, 0x90, 0x63, 0x90, 0x63, 0x90, 0x63, 0x90, 0x43, 0x90, 0x43, 0x90, 0x63, 0x90, 0x63, 0x90, 0x63, 0x90, 
  0x22, 0xa8, 0x22, 0xa8, 0x22, 0xa8, 0x22, 0xa8, 0x22, 0xa8, 0x22, 0xa8, 0x22, 0xa8, 0x22, 0xa8, 0x22, 0xa8, 0x22, 0xa8, 0x22, 0xa8, 0x22, 0xa8, 0x22, 0xa8, 0x22, 0xa8, 0x22, 0xa8, 
  0x22, 0xb0, 0x22, 0xb0, 0x02, 0xb0, 0x02, 0xb0, 0x02, 0xb0, 0x02, 0xb0, 0x02, 0xb0, 0x02, 0xb0, 0x02, 0xb0, 0x02, 0xb0, 0x02, 0xb0, 0x02, 0xb0, 0x22, 0xb0, 0x22, 0xb0, 0x22, 0xb0, 
  0x22, 0xb0, 0x22, 0xb0, 0x02, 0xb0, 0x02, 0xb0, 0x02, 0xb0, 0x02, 0xb0, 0x02, 0xb0, 0x02, 0xb0, 0x02, 0xb0, 0x22, 0xb0, 0x02, 0xb0, 0x02, 0xb0, 0x22, 0xb0, 0x22, 0xb0, 0x22, 0xb0, 
  0x22, 0xb0, 0x22, 0xb0, 0x22, 0xb0, 0x22, 0xb0, 0x02, 0xb0, 0x02, 0xb0, 0x02, 0xb0, 0x02, 0xb0, 0x02, 0xb0, 0x02, 0xb0, 0x02, 0xb0, 0x02, 0xb0, 0x02, 0xb0, 0x22, 0xb0, 0x22, 0xb0, 
  0x22, 0xb8, 0x22, 0xb0, 0x22, 0xb0, 0x22, 0xb0, 0x22, 0xb0, 0x22, 0xb0, 0x22, 0xb0, 0x22, 0xb0, 0x22, 0xb0, 0x02, 0xb0, 0x02, 0xb0, 0x02, 0xb0, 0x02, 0xb0, 0x22, 0xb0, 0x22, 0xb0, 
  0x22, 0xb0, 0x22, 0xb0, 0x22, 0xb0, 0x22, 0xb0, 0x22, 0xb0, 0x22, 0xb0, 0x22, 0xb0, 0x22, 0xb0, 0x22, 0xb0, 0x22, 0xb0, 0x02, 0xb0, 0x02, 0xb0, 0x22, 0xb0, 0x22, 0xb0, 0x22, 0xb0, 
  0x42, 0xa8, 0x42, 0xa0, 0x42, 0xa0, 0x42, 0xa0, 0x42, 0xa0, 0x42, 0xa0, 0x42, 0xa0, 0x42, 0xa0, 0x42, 0xa0, 0x42, 0xa0, 0x42, 0xa0, 0x42, 0xa0, 0x42, 0xa0, 0x42, 0xa0, 0x42, 0xa0, 
  0xc4, 0x78, 0xc4, 0x78, 0xa3, 0x78, 0xa3, 0x70, 0xa3, 0x78, 0xa3, 0x78, 0xa3, 0x78, 0xa3, 0x78, 0xa3, 0x70, 0xa3, 0x70, 0xa3, 0x70, 0xa3, 0x78, 0xa4, 0x78, 0xa4, 0x78, 0xa4, 0x70, 
  0x04, 0x59, 0x04, 0x59, 0x04, 0x59, 0x04, 0x59, 0x04, 0x59, 0x04, 0x59, 0x04, 0x59, 0x04, 0x59, 0x04, 0x59, 0x04, 0x59, 0x04, 0x59, 0x04, 0x59, 0x04, 0x59, 0x04, 0x59, 0x04, 0x59, 
  0x05, 0x61, 0x04, 0x61, 0x04, 0x61, 0x04, 0x61, 0x04, 0x61, 0x04, 0x61, 0x04, 0x61, 0x04, 0x61, 0x04, 0x61, 0x04, 0x61, 0x04, 0x61, 0x04, 0x61, 0x04, 0x61, 0x04, 0x61, 0x04, 0x61, 
  0xc4, 0x90, 0xc4, 0x90, 0xc4, 0x90, 0xc4, 0x90, 0xc4, 0x90, 0xc4, 0x90, 0xc4, 0x90, 0xc4, 0x90, 0xc4, 0x90, 0xc4, 0x90, 0xc4, 0x90, 0xc4, 0x90, 0xc4, 0x90, 0xc4, 0x90, 0xc4, 0x90, 
  0x83, 0xb8, 0x83, 0xb8, 0x83, 0xb8, 0x63, 0xb8, 0x63, 0xb8, 0x63, 0xb8, 0x63, 0xb8, 0x63, 0xb8, 0x63, 0xb8, 0x63, 0xb8, 0x63, 0xb8, 0x83, 0xb8, 0x83, 0xb8, 0x83, 0xb8, 0x83, 0xb8, 
  0x63, 0xd0, 0x63, 0xd0, 0x63, 0xd0, 0x43, 0xc8, 0x43, 0xc8, 0x63, 0xc8, 0x63, 0xd0, 0x63, 0xd0, 0x63, 0xd0, 0x63, 0xc8, 0x63, 0xc8, 0x63, 0xc8, 0x63, 0xd0, 0x63, 0xd0, 0x63, 0xd0, 
  0x63, 0xd8, 0x63, 0xd0, 0x63, 0xd0, 0x63, 0xd0, 0x63, 0xd0, 0x63, 0xd0, 0x63, 0xd0, 0x63, 0xd0, 0x63, 0xd0, 0x63, 0xd0, 0x63, 0xd0, 0x63, 0xd0, 0x63, 0xd0, 0x63, 0xd0, 0x63, 0xd0, 
  0x63, 0xd8, 0x63, 0xd0, 0x63, 0xd0, 0x63, 0xd0, 0x43, 0xd0, 0x43, 0xd0, 0x63, 0xd0, 0x63, 0xd0, 0x63, 0xd0, 0x63, 0xd0, 0x63, 0xd0, 0x63, 0xd0, 0x63, 0xd0, 0x63, 0xd8, 0x63, 0xd0, 
  0x63, 0xd8, 0x63, 0xd0, 0x63, 0xd0, 0x63, 0xd0, 0x43, 0xd0, 0x43, 0xd0, 0x63, 0xd0, 0x63, 0xd0, 0x63, 0xd0, 0x63, 0xd0, 0x63, 0xd0, 0x63, 0xd0, 0x63, 0xd0, 0x63, 0xd0, 0x63, 0xd0, 
  0x63, 0xd8, 0x63, 0xd0, 0x63, 0xd0, 0x63, 0xd0, 0x43, 0xd0, 0x43, 0xd0, 0x63, 0xd0, 0x63, 0xd0, 0x63, 0xd0, 0x63, 0xd0, 0x63, 0xd0, 0x63, 0xd0, 0x63, 0xd0, 0x63, 0xd0, 0x63, 0xd0, 
  0x83, 0xd0, 0x63, 0xd0, 0x63, 0xc8, 0x63, 0xc8, 0x63, 0xc8, 0x63, 0xc8, 0x63, 0xc8, 0x63, 0xc8, 0x63, 0xc8, 0x63, 0xc8, 0x63, 0xc8, 0x63, 0xc8, 0x63, 0xc8, 0x63, 0xc8, 0x63, 0xc8, 
  0xa3, 0xb0, 0xa3, 0xb0, 0x83, 0xb0, 0x83, 0xa8, 0x83, 0xa8, 0x83, 0xa8, 0x83, 0xa8, 0x83, 0xa8, 0x83, 0xa8, 0x83, 0xb0, 0x83, 0xb0, 0x83, 0xb0, 0xa3, 0xb0, 0xa3, 0xb0, 0x83, 0xb0, 
  0xe4, 0x80, 0xe4, 0x80, 0xe4, 0x80, 0xe4, 0x80, 0xe4, 0x80, 0xe4, 0x80, 0xe4, 0x80, 0xe4, 0x80, 0xe4, 0x80, 0xe4, 0x80, 0xe4, 0x80, 0xe4, 0x80, 0xe4, 0x80, 0xe4, 0x80, 0xe4, 0x80, 
  0x45, 0x59, 0x25, 0x59, 0x25, 0x59, 0x25, 0x59, 0x25, 0x59, 0x25, 0x59, 0x25, 0x59, 0x25, 0x59, 0x25, 0x59, 0x25, 0x59, 0x25, 0x59, 0x25, 0x59, 0x45, 0x59, 0x45, 0x59, 0x45, 0x59, 
  0x45, 0x71, 0x45, 0x69, 0x45, 0x69, 0x25, 0x69, 0x25, 0x69, 0x25, 0x69, 0x25, 0x69, 0x25, 0x69, 0x45, 0x69, 0x45, 0x69, 0x45, 0x69, 0x45, 0x69, 0x45, 0x69, 0x45, 0x69, 0x45, 0x69, 
  0x24, 0xc1, 0x04, 0xb9, 0x04, 0xb9, 0x04, 0xb9, 0x04, 0xb9, 0x04, 0xb9, 0x04, 0xb9, 0x04, 0xb9, 0x04, 0xb9, 0x04, 0xb9, 0x04, 0xb9, 0x04, 0xb9, 0x24, 0xb9, 0x24, 0xb9, 0x24, 0xb9, 
  0x04, 0xf9, 0x04, 0xf9, 0x04, 0xf1, 0xe4, 0xf0, 0xe4, 0xf0, 0xe4, 0xf0, 0xe4, 0xf0, 0xe4, 0xf0, 0xe4, 0xf0, 0xe4, 0xf0, 0xe4, 0xf0, 0xe4, 0xf0, 0x04, 0xf1, 0x04, 0xf1, 0x04, 0xf9, 
  0x04, 0xf9, 0x04, 0xf9, 0x04, 0xf9, 0x04, 0xf9, 0x04, 0xf9, 0x04, 0xf9, 0x04, 0xf9, 0x04, 0xf9, 0x04, 0xf9, 0x04, 0xf9, 0x04, 0xf9, 0x04, 0xf9, 0x04, 0xf9, 0x04, 0xf9, 0x04, 0xf9, 
  0x04, 0xf9, 0x04, 0xf9, 0xe4, 0xf8, 0xe4, 0xf8, 0x04, 0xf9, 0xe4, 0xf8, 0xe4, 0xf8, 0x04, 0xf9, 0x04, 0xf9, 0x04, 0xf9, 0x04, 0xf9, 0x04, 0xf9, 0x04, 0xf9, 0x04, 0xf9, 0x04, 0xf9, 
  0x04, 0xf9, 0x04, 0xf9, 0x04, 0xf9, 0xe4, 0xf8, 0xe4, 0xf8, 0xe4, 0xf8, 0xe4, 0xf8, 0x04, 0xf9, 0x04, 0xf9, 0x04, 0xf9, 0x04, 0xf9, 0x04, 0xf9, 0x04, 0xf9, 0x04, 0xf9, 0x04, 0xf9, 
  0x04, 0xf9, 0x04, 0xf9, 0x04, 0xf9, 0xe3, 0xf8, 0xe3, 0xf8, 0xe4, 0xf8, 0xe4, 0xf8, 0x04, 0xf9, 0x04, 0xf9, 0x04, 0xf9, 0x04, 0xf9, 0x04, 0xf9, 0x04, 0xf9, 0x04, 0xf9, 0x04, 0xf9, 
  0x04, 0xf9, 0x04, 0xf9, 0x04, 0xf9, 0xe3, 0xf8, 0xe3, 0xf8, 0xe4, 0xf8, 0xe4, 0xf8, 0x04, 0xf9, 0x04, 0xf9, 0x04, 0xf9, 0x04, 0xf9, 0x04, 0xf9, 0x04, 0xf9, 0x04, 0xf9, 0x04, 0xf9, 
  0x04, 0xf9, 0xe4, 0xf8, 0xe4, 0xf8, 0xe4, 0xf8, 0xe4, 0xf8, 0xe4, 0xf8, 0xe4, 0xf8, 0xe4, 0xf8, 0x04, 0xf9, 0xe4, 0xf8, 0xe4, 0xf8, 0x04, 0xf9, 0x04, 0xf9, 0x04, 0xf9, 0x04, 0xf9, 
  0x04, 0xe1, 0x04, 0xe1, 0xe4, 0xe0, 0xe4, 0xe0, 0xe4, 0xe0, 0xe4, 0xe0, 0x04, 0xe1, 0x04, 0xe1, 0x04, 0xe1, 0x04, 0xe1, 0x04, 0xe1, 0x04, 0xe1, 0x04, 0xe1, 0x04, 0xe1, 0x04, 0xe1, 
  0x45, 0x79, 0x25, 0x79, 0x25, 0x79, 0x24, 0x79, 0x24, 0x79, 0x25, 0x79, 0x25, 0x79, 0x25, 0x79, 0x25, 0x79, 0x25, 0x79, 0x25, 0x79, 0x25, 0x79, 0x45, 0x79, 0x45, 0x79, 0x45, 0x79, 
  0x65, 0x49, 0x65, 0x49, 0x65, 0x49, 0x65, 0x49, 0x65, 0x49, 0x65, 0x49, 0x65, 0x49, 0x65, 0x49, 0x65, 0x49, 0x65, 0x49, 0x65, 0x49, 0x65, 0x49, 0x65, 0x49, 0x85, 0x49, 0x85, 0x49, 
  0x85, 0x89, 0x85, 0x89, 0x85, 0x89, 0x65, 0x89, 0x65, 0x81, 0x65, 0x81, 0x85, 0x81, 0x65, 0x81, 0x65, 0x89, 0x85, 0x81, 0x85, 0x81, 0x85, 0x89, 0x85, 0x89, 0x85, 0x89, 0x85, 0x89, 
  0xa4, 0xd1, 0xa4, 0xd1, 0x84, 0xd1, 0x84, 0xd1, 0x84, 0xd1, 0x84, 0xd1, 0x84, 0xd1, 0x84, 0xd1, 0x84, 0xd1, 0x84, 0xd1, 0x84, 0xd1, 0xa4, 0xd1, 0xa4, 0xd9, 0x84, 0xd9, 0x84, 0xd9, 
  0xa4, 0xf1, 0xa4, 0xf1, 0xa4, 0xf1, 0xa4, 0xf1, 0x84, 0xf1, 0x84, 0xf1, 0x84, 0xf1, 0x84, 0xf1, 0x84, 0xf1, 0x84, 0xf1, 0xa4, 0xf1, 0xa4, 0xf1, 0xa4, 0xf1, 0xa4, 0xf1, 0xa4, 0xf1, 
  0xa4, 0xf9, 0xa4, 0xf9, 0xa4, 0xf9, 0xa4, 0xf9, 0xa4, 0xf9, 0xa4, 0xf9, 0xa4, 0xf9, 0x84, 0xf9, 0x84, 0xf9, 0x84, 0xf9, 0x84, 0xf9, 0xa4, 0xf9, 0xa4, 0xf9, 0xa4, 0xf9, 0xa4, 0xf9, 
  0xa4, 0xf9, 0xa4, 0xf9, 0xa4, 0xf9, 0xa4, 0xf9, 0xa4, 0xf9, 0xa4, 0xf9, 0xa4, 0xf9, 0x84, 0xf9, 0x84, 0xf9, 0x84, 0xf9, 0x84, 0xf9, 0x84, 0xf9, 0xa4, 0xf9, 0xa4, 0xf9, 0xa4, 0xf9, 
  0xa4, 0xf9, 0xa4, 0xf9, 0xa4, 0xf9, 0xa4, 0xf9, 0xa4, 0xf9, 0xa4, 0xf9, 0xa4, 0xf9, 0x84, 0xf9, 0x84, 0xf9, 0x84, 0xf9, 0x84, 0xf9, 0x84, 0xf9, 0x84, 0xf9, 0xa4, 0xf9, 0xa4, 0xf9, 
  0xa4, 0xf9, 0xa4, 0xf9, 0xa4, 0xf9, 0x84, 0xf9, 0x84, 0xf9, 0x84, 0xf9, 0x84, 0xf9, 0x84, 0xf9, 0x84, 0xf9, 0x84, 0xf9, 0x84, 0xf9, 0x84, 0xf9, 0x84, 0xf9, 0xa4, 0xf9, 0xa4, 0xf9, 
  0xa4, 0xf9, 0xa4, 0xf9, 0x84, 0xf9, 0x84, 0xf9, 0x84, 0xf9, 0x84, 0xf9, 0x84, 0xf9, 0x84, 0xf9, 0x84, 0xf9, 0x84, 0xf9, 0x84, 0xf9, 0x84, 0xf9, 0x84, 0xf9, 0xa4, 0xf9, 0xa4, 0xf9, 
  0xa4, 0xf1, 0x84, 0xf1, 0x84, 0xf1, 0x84, 0xf1, 0x84, 0xf1, 0x84, 0xf1, 0x84, 0xf1, 0x84, 0xf1, 0x64, 0xf1, 0x64, 0xf1, 0x84, 0xf1, 0x84, 0xf1, 0x84, 0xf1, 0xa4, 0xf1, 0xa4, 0xf1, 
  0x85, 0xc9, 0x84, 0xc9, 0x84, 0xc9, 0x84, 0xc9, 0x84, 0xc9, 0x84, 0xc9, 0x84, 0xc9, 0x84, 0xc9, 0x64, 0xc9, 0x64, 0xc9, 0x84, 0xc9, 0x85, 0xc9, 0x85, 0xc9, 0x85, 0xc9, 0xa5, 0xc9, 
  0x85, 0x89, 0x85, 0x89, 0x65, 0x89, 0x65, 0x89, 0x85, 0x89, 0x85, 0x89, 0x85, 0x89, 0x85, 0x89, 0x85, 0x89, 0x85, 0x89, 0x85, 0x89, 0x85, 0x89, 0x85, 0x89, 0x85, 0x89, 0x85, 0x89, 
  0xa5, 0x69, 0x85, 0x69, 0x85, 0x69, 0x85, 0x69, 0x85, 0x69, 0x85, 0x69, 0x85, 0x69, 0x85, 0x69, 0x85, 0x69, 0x85, 0x69, 0x85, 0x69, 0x85, 0x69, 0x85, 0x69, 0x85, 0x69, 0xa5, 0x69, 
  0xc5, 0x89, 0xc5, 0x89, 0xc5, 0x89, 0xc5, 0x89, 0xc5, 0x91, 0xc5, 0x91, 0xc5, 0x91, 0xc5, 0x91, 0xc5, 0x91, 0xc5, 0x89, 0xc5, 0x89, 0xc5, 0x91, 0xc5, 0x89, 0xc5, 0x89, 0xc5, 0x91, 
  0x05, 0xca, 0x05, 0xca, 0xe4, 0xc9, 0xe4, 0xc9, 0xe4, 0xc9, 0x05, 0xca, 0x05, 0xca, 0x05, 0xca, 0x05, 0xca, 0x04, 0xca, 0x05, 0xca, 0x05, 0xca, 0x04, 0xca, 0x04, 0xca, 0x05, 0xca, 
  0x24, 0xf2, 0x24, 0xf2, 0x24, 0xf2, 0x24, 0xf2, 0x24, 0xf2, 0x24, 0xf2, 0x24, 0xf2, 0x24, 0xf2, 0x24, 0xf2, 0x24, 0xf2, 0x24, 0xf2, 0x24, 0xf2, 0x24, 0xf2, 0x24, 0xf2, 0x24, 0xf2, 
  0x44, 0xfa, 0x44, 0xfa, 0x24, 0xfa, 0x24, 0xfa, 0x24, 0xfa, 0x24, 0xfa, 0x44, 0xfa, 0x44, 0xfa, 0x44, 0xfa, 0x24, 0xfa, 0x24, 0xfa, 0x24, 0xfa, 0x24, 0xfa, 0x24, 0xfa, 0x24, 0xfa, 
  0x44, 0xfa, 0x44, 0xfa, 0x24, 0xfa, 0x24, 0xfa, 0x24, 0xfa, 0x24, 0xfa, 0x44, 0xfa, 0x44, 0xfa, 0x44, 0xfa, 0x24, 0xfa, 0x24, 0xfa, 0x24, 0xfa, 0x24, 0xfa, 0x24, 0xfa, 0x24, 0xfa, 
  0x44, 0xfa, 0x24, 0xfa, 0x24, 0xfa, 0x24, 0xfa, 0x24, 0xfa, 0x24, 0xfa, 0x44, 0xfa, 0x24, 0xfa, 0x24, 0xfa, 0x24, 0xfa, 0x24, 0xfa, 0x24, 0xfa, 0x24, 0xfa, 0x24, 0xfa, 0x24, 0xfa, 
  0x44, 0xfa, 0x24, 0xfa, 0x24, 0xfa, 0x24, 0xfa, 0x24, 0xfa, 0x24, 0xfa, 0x24, 0xfa, 0x24, 0xfa, 0x24, 0xfa, 0x24, 0xfa, 0x24, 0xfa, 0x24, 0xfa, 0x24, 0xfa, 0x24, 0xfa, 0x24, 0xfa, 
  0x44, 0xfa, 0x44, 0xfa, 0x24, 0xfa, 0x24, 0xfa, 0x24, 0xfa, 0x24, 0xfa, 0x24, 0xfa, 0x24, 0xfa, 0x24, 0xfa, 0x24, 0xfa, 0x24, 0xfa, 0x24, 0xfa, 0x24, 0xfa, 0x24, 0xfa, 0x24, 0xfa, 
  0x24, 0xf2, 0x24, 0xf2, 0x24, 0xf2, 0x24, 0xf2, 0x04, 0xf2, 0x04, 0xf2, 0x04, 0xf2, 0x24, 0xf2, 0x24, 0xf2, 0x24, 0xf2, 0x04, 0xf2, 0x04, 0xf2, 0x24, 0xf2, 0x24, 0xf2, 0x24, 0xf2, 
  0x05, 0xc2, 0x05, 0xc2, 0x04, 0xc2, 0x04, 0xc2, 0xe4, 0xc1, 0xe4, 0xc1, 0xe4, 0xc1, 0xe4, 0xc1, 0xe4, 0xc1, 0xe4, 0xc1, 0xe4, 0xc1, 0xe4, 0xc1, 0x05, 0xca, 0x05, 0xc2, 0x05, 0xc2, 
  0xc5, 0x81, 0xc5, 0x81, 0xc5, 0x81, 0xc5, 0x81, 0xa5, 0x81, 0xa5, 0x81, 0xa5, 0x81, 0xa5, 0x81, 0xa5, 0x81, 0xa5, 0x81, 0xa5, 0x81, 0xc5, 0x81, 0xc5, 0x81, 0xc5, 0x81, 0xc5, 0x81, 
  0xc5, 0x69, 0xc5, 0x69, 0xc5, 0x69, 0xc5, 0x69, 0xa5, 0x69, 0xa5, 0x69, 0xa5, 0x69, 0xa5, 0x69, 0xa5, 0x69, 0xc5, 0x69, 0xc5, 0x69, 0xc5, 0x69, 0xc5, 0x69, 0xc5, 0x69, 0xc5, 0x69, 
  0x25, 0x8a, 0x25, 0x8a, 0x25, 0x8a, 0x25, 0x8a, 0x05, 0x8a, 0x05, 0x8a, 0x25, 0x8a, 0x25, 0x8a, 0x25, 0x8a, 0x25, 0x8a, 0x05, 0x8a, 0x05, 0x8a, 0x25, 0x8a, 0x25, 0x8a, 0x25, 0x8a, 
  0xa4, 0xd2, 0xa4, 0xd2, 0xa4, 0xd2, 0xa4, 0xd2, 0xa4, 0xd2, 0xa4, 0xd2, 0xa4, 0xd2, 0xa4, 0xd2, 0xa4, 0xd2, 0xa4, 0xd2, 0xa4, 0xd2, 0xa4, 0xd2, 0xa4, 0xd2, 0xa4, 0xd2, 0xa4, 0xd2, 
  0xe4, 0xfa, 0xe4, 0xfa, 0xe4, 0xfa, 0xe4, 0xfa, 0xe4, 0xfa, 0xe4, 0xfa, 0xe4, 0xfa, 0xe4, 0xfa, 0xe4, 0xfa, 0xe4, 0xfa, 0xe4, 0xfa, 0xe4, 0xfa, 0xe4, 0xfa, 0xe4, 0xfa, 0xe4, 0xfa, 
  0x04, 0xfb, 0x04, 0xfb, 0x04, 0xfb, 0xe4, 0xfa, 0xe4, 0xfa, 0xe4, 0xfa, 0xe4, 0xfa, 0xe4, 0xfa, 0xe4, 0xfa, 0xe4, 0xfa, 0xe4, 0xfa, 0xe4, 0xfa, 0x04, 0xfb, 0x04, 0xfb, 0x04, 0xfb, 
  0x04, 0xfb, 0x04, 0xfb, 0xe4, 0xfa, 0xe4, 0xfa, 0xe4, 0xfa, 0xe3, 0xfa, 0xe3, 0xfa, 0xe4, 0xfa, 0xe4, 0xfa, 0x04, 0xfb, 0x04, 0xfb, 0xe4, 0xfa, 0x04, 0xfb, 0x04, 0xfb, 0x04, 0xfb, 
  0x04, 0xfb, 0x04, 0xfb, 0x04, 0xfb, 0xe4, 0xfa, 0xe4, 0xfa, 0xe4, 0xfa, 0xe4, 0xfa, 0xe4, 0xfa, 0xe4, 0xfa, 0x04, 0xfb, 0xe4, 0xfa, 0xe4, 0xfa, 0x04, 0xfb, 0x04, 0xfb, 0x04, 0xfb, 
  0x04, 0xfb, 0x04, 0xfb, 0x04, 0xfb, 0xe4, 0xfa, 0xe4, 0xfa, 0xe4, 0xfa, 0xe4, 0xfa, 0xe4, 0xfa, 0x04, 0xfb, 0xe4, 0xfa, 0xe4, 0xfa, 0xe4, 0xfa, 0x04, 0xfb, 0x04, 0xfb, 0x04, 0xfb, 
  0x04, 0xfb, 0x04, 0xfb, 0xe4, 0xfa, 0xe4, 0xfa, 0xe4, 0xfa, 0xe4, 0xfa, 0xe4, 0xfa, 0xe4, 0xfa, 0xe4, 0xfa, 0xe4, 0xfa, 0xe4, 0xfa, 0xe4, 0xfa, 0xe4, 0xfa, 0xe4, 0xfa, 0xe4, 0xfa, 
  0xc4, 0xf2, 0xc4, 0xf2, 0xc4, 0xf2, 0xc4, 0xf2, 0xc4, 0xf2, 0xc4, 0xf2, 0xc4, 0xf2, 0xc4, 0xf2, 0xc4, 0xf2, 0xc4, 0xf2, 0xc4, 0xf2, 0xc4, 0xf2, 0xc4, 0xf2, 0xe4, 0xf2, 0xe4, 0xf2, 
  0x84, 0xca, 0x84, 0xca, 0x84, 0xca, 0x84, 0xca, 0x84, 0xca, 0x84, 0xca, 0x84, 0xca, 0x84, 0xca, 0x84, 0xca, 0x84, 0xca, 0x84, 0xca, 0x84, 0xca, 0x85, 0xca, 0xa5, 0xca, 0xa5, 0xca, 
  0x25, 0x92, 0x25, 0x92, 0x25, 0x92, 0x25, 0x92, 0x25, 0x92, 0x25, 0x92, 0x25, 0x92, 0x25, 0x92, 0x25, 0x92, 0x25, 0x92, 0x25, 0x92, 0x25, 0x92, 0x25, 0x92, 0x45, 0x92, 0x45, 0x9a, 
  0x05, 0x6a, 0x05, 0x6a, 0x05, 0x6a, 0xe5, 0x69, 0xe5, 0x69, 0x05, 0x6a, 0xe5, 0x69, 0xe5, 0x69, 0xe5, 0x69, 0xe5, 0x69, 0x05, 0x6a, 0x05, 0x6a, 0x05, 0x6a, 0x05, 0x6a, 0x05, 0x6a, 
  0x65, 0x82, 0x65, 0x82, 0x45, 0x7a, 0x45, 0x7a, 0x45, 0x82, 0x65, 0x7a, 0x65, 0x7a, 0x45, 0x7a, 0x45, 0x7a, 0x65, 0x82, 0x65, 0x82, 0x65, 0x82, 0x65, 0x82, 0x65, 0x82, 0x65, 0x82, 
  0x24, 0xc3, 0x24, 0xc3, 0x24, 0xc3, 0x24, 0xc3, 0x24, 0xc3, 0x24, 0xc3, 0x24, 0xc3, 0x24, 0xc3, 0x24, 0xc3, 0x24, 0xc3, 0x24, 0xc3, 0x24, 0xc3, 0x24, 0xc3, 0x24, 0xc3, 0x24, 0xc3, 
  0xa4, 0xeb, 0xa4, 0xeb, 0xa3, 0xeb, 0xa3, 0xeb, 0xa3, 0xf3, 0xa3, 0xeb, 0xa3, 0xeb, 0xa3, 0xeb, 0xa4, 0xf3, 0xa3, 0xeb, 0xa3, 0xeb, 0xa4, 0xeb, 0xa4, 0xf3, 0xa4, 0xf3, 0xa4, 0xf3, 
  0xe3, 0xfb, 0xe3, 0xfb, 0xc3, 0xfb, 0xc3, 0xfb, 0xc3, 0xfb, 0xc3, 0xfb, 0xe3, 0xfb, 0xc3, 0xfb, 0xc3, 0xfb, 0xe3, 0xfb, 0xe3, 0xfb, 0xe3, 0xfb, 0xe4, 0xfb, 0xe4, 0xfb, 0xe3, 0xfb, 
  0xe3, 0xfb, 0xe3, 0xfb, 0xe3, 0xfb, 0xe3, 0xfb, 0xc3, 0xfb, 0xc3, 0xfb, 0xe3, 0xfb, 0xe3, 0xfb, 0xe3, 0xfb, 0xe3, 0xfb, 0xe3, 0xfb, 0xe3, 0xfb, 0xe3, 0xfb, 0xe4, 0xfb, 0xe3, 0xfb, 
  0xe3, 0xfb, 0xe3, 0xfb, 0xe3, 0xfb, 0xe3, 0xfb, 0xc3, 0xfb, 0xc3, 0xfb, 0xe3, 0xfb, 0xe3, 0xfb, 0xe3, 0xfb, 0xe3, 0xfb, 0xe3, 0xfb, 0xe3, 0xfb, 0xe3, 0xfb, 0xe4, 0xfb, 0xe3, 0xfb, 
  0xe4, 0xfb, 0xe3, 0xfb, 0xe3, 0xfb, 0xc3, 0xfb, 0xc3, 0xfb, 0xc3, 0xfb, 0xc3, 0xfb, 0xc3, 0xfb, 0xc3, 0xfb, 0xe3, 0xfb, 0xe4, 0xfb, 0xe4, 0xfb, 0xe4, 0xfb, 0xe3, 0xfb, 0xe3, 0xfb, 
  0xe4, 0xfb, 0xe3, 0xfb, 0xc3, 0xfb, 0xc3, 0xfb, 0xc3, 0xfb, 0xc3, 0xfb, 0xc3, 0xfb, 0xc3, 0xfb, 0xc3, 0xfb, 0xc3, 0xfb, 0xc3, 0xfb, 0xc3, 0xfb, 0xc4, 0xfb, 0xc4, 0xfb, 0xe4, 0xfb, 
  0xc3, 0xfb, 0xc3, 0xfb, 0xc3, 0xfb, 0xc3, 0xfb, 0xa3, 0xfb, 0xa3, 0xfb, 0xc3, 0xfb, 0xc3, 0xfb, 0xc3, 0xfb, 0xc3, 0xfb, 0xc3, 0xfb, 0xc3, 0xfb, 0xc3, 0xfb, 0xc3, 0xfb, 0xc4, 0xfb, 
  0xa4, 0xeb, 0x84, 0xeb, 0x83, 0xeb, 0x83, 0xeb, 0x83, 0xeb, 0x83, 0xeb, 0x83, 0xeb, 0x83, 0xeb, 0x84, 0xeb, 0x83, 0xeb, 0x83, 0xeb, 0x83, 0xeb, 0xa4, 0xeb, 0xa4, 0xeb, 0xa4, 0xeb, 
  0x85, 0x92, 0x85, 0x92, 0x85, 0x8a, 0x85, 0x8a, 0x65, 0x8a, 0x64, 0x8a, 0x64, 0x8a, 0x85, 0x8a, 0x85, 0x92, 0x85, 0x92, 0x85, 0x92, 0x85, 0x92, 0x85, 0x92, 0x85, 0x92, 0x85, 0x92, 
  0xc5, 0x49, 0xc5, 0x49, 0xc5, 0x49, 0xc5, 0x49, 0xc5, 0x49, 0xc5, 0x49, 0xc5, 0x49, 0xc5, 0x49, 0xc5, 0x49, 0xc5, 0x49, 0xc5, 0x49, 0xc5, 0x49, 0xc5, 0x49, 0xc6, 0x49, 0xe6, 0x49, 
  0x85, 0x72, 0x85, 0x72, 0x85, 0x72, 0x85, 0x72, 0x85, 0x72, 0x85, 0x72, 0x85, 0x72, 0x85, 0x72, 0x85, 0x72, 0x85, 0x72, 0x85, 0x72, 0x85, 0x72, 0x85, 0x72, 0x85, 0x72, 0x85, 0x72, 
  0x03, 0xcc, 0x03, 0xcc, 0x03, 0xcc, 0xe3, 0xcb, 0xe3, 0xcb, 0xe3, 0xcb, 0xe3, 0xcb, 0xe3, 0xcb, 0xe3, 0xcb, 0xe3, 0xcb, 0xe3, 0xcb, 0xe3, 0xcb, 0xe3, 0xcb, 0xe3, 0xcb, 0xe3, 0xcb, 
  0xc2, 0xfc, 0xc2, 0xfc, 0xc2, 0xfc, 0xc2, 0xfc, 0xc2, 0xfc, 0xc2, 0xfc, 0xc2, 0xfc, 0xc2, 0xfc, 0xc2, 0xfc, 0xc2, 0xfc, 0xc2, 0xfc, 0xa2, 0xfc, 0xc2, 0xfc, 0xc2, 0xfc, 0xc3, 0xfc, 
  0xe2, 0xfc, 0xe2, 0xfc, 0xe2, 0xfc, 0xe2, 0xfc, 0xe2, 0xfc, 0xe2, 0xfc, 0xe2, 0xfc, 0xe2, 0xfc, 0xe2, 0xfc, 0xe2, 0xfc, 0xe2, 0xfc, 0xc2, 0xfc, 0xe2, 0xfc, 0xe2, 0xfc, 0xe3, 0xfc, 
  0xe2, 0xfc, 0xe2, 0xfc, 0xe2, 0xfc, 0xe2, 0xfc, 0xe2, 0xfc, 0xe2, 0xfc, 0xe2, 0xfc, 0xe2, 0xfc, 0xe2, 0xfc, 0xe2, 0xfc, 0xe2, 0xfc, 0xe2, 0xfc, 0xe2, 0xfc, 0xe2, 0xfc, 0xe2, 0xfc, 
  0xe2, 0xfc, 0xe2, 0xfc, 0xe2, 0xfc, 0xe2, 0xfc, 0xe2, 0xfc, 0xe2, 0xfc, 0xe2, 0xfc, 0xe2, 0xfc, 0xe2, 0xfc, 0xe2, 0xfc, 0xe2, 0xfc, 0xe2, 0xfc, 0xe2, 0xfc, 0xe2, 0xfc, 0xe2, 0xfc, 
  0x02, 0xfd, 0xe2, 0xfc, 0xe2, 0xfc, 0xe2, 0xfc, 0xe2, 0xfc, 0xe2, 0xfc, 0xe2, 0xfc, 0xe2, 0xfc, 0xe2, 0xfc, 0xe2, 0xfc, 0xe2, 0xfc, 0xe2, 0xfc, 0xe2, 0xfc, 0xe2, 0xfc, 0xe2, 0xfc, 
  0x02, 0xfd, 0xe2, 0xfc, 0xe2, 0xfc, 0xe2, 0xfc, 0xe2, 0xfc, 0xe2, 0xfc, 0xe2, 0xfc, 0xe2, 0xfc, 0xe2, 0xfc, 0xe2, 0xfc, 0xe2, 0xfc, 0xe2, 0xfc, 0xe2, 0xfc, 0xe2, 0xfc, 0xe3, 0xfc, 
  0xe2, 0xfc, 0xe2, 0xfc, 0xe2, 0xfc, 0xc2, 0xfc, 0xc2, 0xfc, 0xc2, 0xfc, 0xc2, 0xfc, 0xc2, 0xfc, 0xc2, 0xfc, 0xc2, 0xfc, 0xc2, 0xfc, 0xc2, 0xfc, 0xe2, 0xfc, 0xe2, 0xfc, 0xe3, 0xfc, 
  0x63, 0xe4, 0x63, 0xe4, 0x63, 0xe4, 0x43, 0xe4, 0x43, 0xe4, 0x43, 0xe4, 0x43, 0xe4, 0x43, 0xe4, 0x43, 0xe4, 0x43, 0xe4, 0x43, 0xe4, 0x43, 0xe4, 0x63, 0xe4, 0x63, 0xe4, 0x63, 0xe4, 
  0x44, 0xa3, 0x44, 0x9b, 0x44, 0x9b, 0x44, 0x9b, 0x44, 0x9b, 0x44, 0x9b, 0x24, 0x9b, 0x24, 0x9b, 0x24, 0x9b, 0x44, 0x9b, 0x44, 0x9b, 0x44, 0xa3, 0x44, 0xa3, 0x44, 0xa3, 0x44, 0xa3, 
  0x85, 0x6a, 0x65, 0x6a, 0x65, 0x6a, 0x65, 0x6a, 0x65, 0x6a, 0x65, 0x6a, 0x65, 0x6a, 0x65, 0x6a, 0x65, 0x6a, 0x65, 0x6a, 0x65, 0x6a, 0x65, 0x6a, 0x85, 0x6a, 0x85, 0x6a, 0x85, 0x6a, 
  0x05, 0x7b, 0xe4, 0x7a, 0xe4, 0x7a, 0xe4, 0x7a, 0xe4, 0x7a, 0xe4, 0x7a, 0xe4, 0x7a, 0xe4, 0x7a, 0xe4, 0x7a, 0xe4, 0x7a, 0xe4, 0x7a, 0xe4, 0x7a, 0xe4, 0x7a, 0x04, 0x7b, 0x05, 0x7b, 
  0x43, 0xb4, 0x43, 0xb4, 0x23, 0xb4, 0x23, 0xb4, 0x23, 0xb4, 0x23, 0xb4, 0x23, 0xb4, 0x43, 0xb4, 0x43, 0xb4, 0x43, 0xb4, 0x43, 0xb4, 0x43, 0xb4, 0x43, 0xb4, 0x43, 0xb4, 0x43, 0xb4, 
  0x62, 0xed, 0x62, 0xed, 0x62, 0xed, 0x61, 0xed, 0x61, 0xed, 0x61, 0xed, 0x61, 0xed, 0x61, 0xed, 0x61, 0xed, 0x61, 0xed, 0x62, 0xed, 0x62, 0xed, 0x62, 0xed, 0x62, 0xed, 0x62, 0xed, 
  0xe1, 0xfd, 0xc1, 0xfd, 0xc1, 0xfd, 0xc1, 0xfd, 0xc1, 0xfd, 0xc1, 0xfd, 0xe1, 0xfd, 0xe1, 0xfd, 0xe1, 0xfd, 0xe1, 0xfd, 0xc1, 0xfd, 0xc1, 0xfd, 0xe1, 0xfd, 0xe1, 0xfd, 0xe1, 0xfd, 
  0xe1, 0xfd, 0xe1, 0xfd, 0xe1, 0xfd, 0xe1, 0xfd, 0xe1, 0xfd, 0xe0, 0xfd, 0xe0, 0xfd, 0xe1, 0xfd, 0xe1, 0xfd, 0xe1, 0xfd, 0xe1, 0xfd, 0xe1, 0xfd, 0xe1, 0xfd, 0xe1, 0xfd, 0x01, 0xfe, 
  0x01, 0xfe, 0xe1, 0xfd, 0xe1, 0xfd, 0xe0, 0xfd, 0xe0, 0xfd, 0xe0, 0xfd, 0xe0, 0xfd, 0xe1, 0xfd, 0xe1, 0xfd, 0xe1, 0xfd, 0xe1, 0xfd, 0xe1, 0xfd, 0xe1, 0xfd, 0xe1, 0xfd, 0x01, 0xfe, 
  0xe1, 0xfd, 0xe1, 0xfd, 0xe1, 0xfd, 0xe1, 0xfd, 0xe1, 0xfd, 0xe1, 0xfd, 0xe1, 0xfd, 0xe1, 0xfd, 0xe1, 0xfd, 0xe1, 0xfd, 0xe1, 0xfd, 0xe1, 0xfd, 0xe1, 0xfd, 0xe1, 0xfd, 0x01, 0xfe, 
  0xe1, 0xfd, 0xe1, 0xfd, 0xe1, 0xfd, 0xe1, 0xfd, 0xe1, 0xfd, 0xe1, 0xfd, 0xe1, 0xfd, 0xe1, 0xfd, 0xe1, 0xfd, 0xe1, 0xfd, 0xe1, 0xfd, 0xe1, 0xfd, 0xe1, 0xfd, 0xe1, 0xfd, 0x01, 0xfe, 
  0xe1, 0xfd, 0xc1, 0xfd, 0xc1, 0xfd, 0xc1, 0xfd, 0xc1, 0xfd, 0xc1, 0xfd, 0xe1, 0xfd, 0xe1, 0xfd, 0xc1, 0xfd, 0xc1, 0xfd, 0xe1, 0xfd, 0xe1, 0xfd, 0xe1, 0xfd, 0xe1, 0xfd, 0xe1, 0xfd, 
  0x62, 0xed, 0x62, 0xed, 0x62, 0xed, 0x62, 0xed, 0x62, 0xed, 0x62, 0xed, 0x62, 0xed, 0x62, 0xed, 0x62, 0xed, 0x62, 0xed, 0x62, 0xed, 0x62, 0xed, 0x62, 0xed, 0x82, 0xed, 0x82, 0xed, 
  0x43, 0xb4, 0x23, 0xb4, 0x23, 0xb4, 0x23, 0xb4, 0x23, 0xb4, 0x23, 0xb4, 0x23, 0xb4, 0x23, 0xb4, 0x23, 0xb4, 0x23, 0xb4, 0x23, 0xb4, 0x23, 0xb4, 0x23, 0xb4, 0x43, 0xb4, 0x43, 0xb4, 
  0x65, 0x5a, 0x65, 0x5a, 0x45, 0x5a, 0x45, 0x5a, 0x45, 0x5a, 0x45, 0x5a, 0x45, 0x5a, 0x65, 0x5a, 0x45, 0x5a, 0x45, 0x5a, 0x45, 0x5a, 0x45, 0x5a, 0x45, 0x5a, 0x65, 0x5a, 0x65, 0x5a, 
  0xa5, 0x62, 0xa5, 0x62, 0xa5, 0x62, 0xa4, 0x62, 0xa4, 0x62, 0xa4, 0x62, 0xa5, 0x62, 0xa5, 0x62, 0xa5, 0x62, 0xa5, 0x62, 0xa5, 0x62, 0xa5, 0x62, 0xa5, 0x62, 0xa5, 0x62, 0xa5, 0x62, 
  0x03, 0xbd, 0x03, 0xbd, 0x02, 0xbd, 0x02, 0xbd, 0x02, 0xbd, 0x02, 0xbd, 0x02, 0xbd, 0x02, 0xbd, 0x02, 0xbd, 0x02, 0xbd, 0x02, 0xbd, 0x02, 0xbd, 0x02, 0xbd, 0x03, 0xbd, 0x03, 0xbd, 
  0x81, 0xf6, 0x81, 0xf6, 0x61, 0xf6, 0x61, 0xf6, 0x61, 0xf6, 0x81, 0xf6, 0x81, 0xf6, 0x81, 0xf6, 0x81, 0xf6, 0x81, 0xf6, 0x61, 0xf6, 0x61, 0xf6, 0x61, 0xf6, 0x81, 0xf6, 0x81, 0xf6, 
  0xe0, 0xfe, 0xc0, 0xfe, 0xc0, 0xfe, 0xc0, 0xfe, 0xc0, 0xfe, 0xc0, 0xfe, 0xc0, 0xfe, 0xc0, 0xfe, 0xc0, 0xfe, 0xc0, 0xfe, 0xc0, 0xfe, 0xc0, 0xfe, 0xc0, 0xfe, 0xc0, 0xfe, 0xc0, 0xfe, 
  0xe0, 0xfe, 0xe0, 0xfe, 0xe0, 0xfe, 0xe0, 0xfe, 0xe0, 0xfe, 0xe0, 0xfe, 0xe0, 0xfe, 0xe0, 0xfe, 0xe0, 0xfe, 0xe0, 0xfe, 0xe0, 0xfe, 0xe0, 0xfe, 0xe0, 0xfe, 0xe0, 0xfe, 0xe0, 0xfe, 
  0xe0, 0xfe, 0xe0, 0xfe, 0xe0, 0xfe, 0xe0, 0xfe, 0xe0, 0xfe, 0xe0, 0xfe, 0xe0, 0xfe, 0xe0, 0xfe, 0xe0, 0xfe, 0xe0, 0xfe, 0xe0, 0xfe, 0xe0, 0xfe, 0xe0, 0xfe, 0xe0, 0xfe, 0xe0, 0xfe, 
  0xe0, 0xfe, 0xe0, 0xfe, 0xe0, 0xfe, 0xe0, 0xfe, 0xe0, 0xfe, 0xe0, 0xfe, 0xe0, 0xfe, 0xe0, 0xfe, 0xe0, 0xfe, 0xe0, 0xfe, 0xe0, 0xfe, 0xe0, 0xfe, 0xe0, 0xfe, 0xe0, 0xfe, 0xe0, 0xfe, 
  0xe0, 0xfe, 0xc0, 0xfe, 0xe0, 0xfe, 0xe0, 0xfe, 0xe0, 0xfe, 0xe0, 0xfe, 0xe0, 0xfe, 0xe0, 0xfe, 0xe0, 0xfe, 0xe0, 0xfe, 0xe0, 0xfe, 0xe0, 0xfe, 0xe0, 0xfe, 0xe0, 0xfe, 0x00, 0xff, 
  0xc0, 0xfe, 0xc0, 0xfe, 0xc0, 0xfe, 0xc0, 0xfe, 0xc0, 0xfe, 0xc0, 0xfe, 0xc0, 0xfe, 0xc0, 0xfe, 0xc0, 0xfe, 0xc0, 0xfe, 0xc0, 0xfe, 0xc0, 0xfe, 0xc0, 0xfe, 0xc0, 0xfe, 0xe0, 0xfe, 
  0x21, 0xe6, 0x21, 0xe6, 0x21, 0xe6, 0x21, 0xe6, 0x21, 0xe6, 0x21, 0xe6, 0x21, 0xe6, 0x21, 0xe6, 0x21, 0xe6, 0x21, 0xe6, 0x21, 0xe6, 0x21, 0xe6, 0x21, 0xe6, 0x21, 0xe6, 0x41, 0xe6, 
  0xa3, 0xac, 0x83, 0xac, 0x83, 0xac, 0x83, 0xac, 0xa3, 0xac, 0xa3, 0xac, 0xa3, 0xac, 0xa3, 0xac, 0x83, 0xac, 0x83, 0xac, 0x83, 0xac, 0x83, 0xac, 0xa3, 0xac, 0xa3, 0xac, 0xa3, 0xac, 
  0x24, 0x73, 0x24, 0x73, 0x24, 0x73, 0x24, 0x73, 0x24, 0x73, 0x24, 0x73, 0x24, 0x73, 0x24, 0x73, 0x24, 0x73, 0x24, 0x73, 0x24, 0x73, 0x24, 0x73, 0x24, 0x73, 0x24, 0x73, 0x44, 0x73, 
  0x64, 0x73, 0x44, 0x73, 0x44, 0x73, 0x44, 0x73, 0x44, 0x73, 0x44, 0x73, 0x44, 0x73, 0x44, 0x73, 0x44, 0x73, 0x44, 0x73, 0x44, 0x73, 0x44, 0x73, 0x44, 0x73, 0x65, 0x73, 0x65, 0x73, 
  0xc3, 0x9c, 0xc3, 0x9c, 0xc3, 0x9c, 0xc3, 0x9c, 0xc3, 0x9c, 0xc3, 0x9c, 0xc3, 0x9c, 0xc3, 0x9c, 0xc3, 0x9c, 0xc3, 0x9c, 0xc3, 0x9c, 0xc3, 0x9c, 0xc3, 0x9c, 0xc3, 0x9c, 0xc4, 0xa4, 
  0x22, 0xce, 0x22, 0xce, 0x22, 0xce, 0x22, 0xce, 0x22, 0xce, 0x22, 0xce, 0x22, 0xce, 0x22, 0xce, 0x22, 0xce, 0x22, 0xce, 0x22, 0xce, 0x22, 0xce, 0x22, 0xce, 0x22, 0xce, 0x22, 0xce, 
  0x01, 0xef, 0x01, 0xe7, 0x01, 0xe7, 0x01, 0xe7, 0x01, 0xe7, 0x01, 0xe7, 0x01, 0xe7, 0x01, 0xe7, 0x01, 0xe7, 0xe1, 0xe6, 0xe1, 0xe6, 0x01, 0xe7, 0x01, 0xe7, 0x01, 0xe7, 0x01, 0xe7, 
  0x41, 0xf7, 0x40, 0xef, 0x40, 0xef, 0x40, 0xef, 0x40, 0xef, 0x41, 0xef, 0x41, 0xef, 0x41, 0xef, 0x41, 0xef, 0x21, 0xef, 0x21, 0xef, 0x41, 0xef, 0x41, 0xef, 0x41, 0xef, 0x41, 0xef, 
  0x60, 0xf7, 0x40, 0xf7, 0x40, 0xef, 0x40, 0xef, 0x41, 0xef, 0x41, 0xef, 0x41, 0xef, 0x41, 0xef, 0x41, 0xef, 0x41, 0xef, 0x41, 0xef, 0x41, 0xef, 0x41, 0xef, 0x41, 0xef, 0x41, 0xef, 
  0x60, 0xf7, 0x40, 0xf7, 0x40, 0xef, 0x40, 0xef, 0x41, 0xef, 0x41, 0xef, 0x41, 0xef, 0x41, 0xef, 0x41, 0xef, 0x41, 0xef, 0x41, 0xef, 0x41, 0xef, 0x41, 0xef, 0x41, 0xf7, 0x41, 0xf7, 
  0x61, 0xf7, 0x40, 0xf7, 0x40, 0xef, 0x40, 0xef, 0x41, 0xef, 0x40, 0xef, 0x40, 0xef, 0x41, 0xef, 0x41, 0xef, 0x41, 0xef, 0x41, 0xef, 0x41, 0xef, 0x41, 0xef, 0x41, 0xf7, 0x61, 0xf7, 
  0x41, 0xef, 0x21, 0xef, 0x21, 0xef, 0x21, 0xef, 0x21, 0xef, 0x20, 0xef, 0x20, 0xef, 0x21, 0xef, 0x21, 0xef, 0x21, 0xef, 0x41, 0xef, 0x41, 0xef, 0x41, 0xef, 0x41, 0xef, 0x41, 0xef, 
  0xc1, 0xde, 0xa1, 0xde, 0xa1, 0xde, 0xa1, 0xde, 0xa1, 0xde, 0xa1, 0xde, 0xa1, 0xde, 0xa1, 0xde, 0xa1, 0xde, 0xa1, 0xde, 0xc1, 0xde, 0xc1, 0xde, 0xc1, 0xde, 0xc2, 0xde, 0xc2, 0xde, 
  0x23, 0xad, 0x23, 0xad, 0x23, 0xad, 0x23, 0xad, 0x23, 0xad, 0x23, 0xad, 0x23, 0xad, 0x23, 0xa5, 0x23, 0xa5, 0x23, 0xad, 0x23, 0xad, 0x23, 0xad, 0x23, 0xad, 0x23, 0xad, 0x23, 0xad, 
  0x64, 0x6b, 0x44, 0x6b, 0x44, 0x6b, 0x44, 0x6b, 0x44, 0x6b, 0x44, 0x6b, 0x44, 0x6b, 0x44, 0x6b, 0x44, 0x6b, 0x44, 0x6b, 0x44, 0x6b, 0x44, 0x6b, 0x44, 0x6b, 0x64, 0x6b, 0x65, 0x6b, 
  0xe5, 0x5a, 0xc5, 0x5a, 0xc5, 0x5a, 0xc5, 0x5a, 0xc5, 0x5a, 0xc5, 0x5a, 0xc5, 0x5a, 0xc5, 0x5a, 0xc5, 0x5a, 0xc5, 0x5a, 0xc5, 0x5a, 0xc5, 0x5a, 0xc5, 0x5a, 0xe5, 0x5a, 0xe5, 0x5a, 
  0x45, 0x84, 0x44, 0x7c, 0x44, 0x7c, 0x44, 0x7c, 0x44, 0x7c, 0x44, 0x7c, 0x44, 0x7c, 0x44, 0x7c, 0x44, 0x7c, 0x44, 0x7c, 0x44, 0x7c, 0x44, 0x7c, 0x44, 0x7c, 0x44, 0x84, 0x65, 0x84, 
  0x63, 0xbe, 0x43, 0xb6, 0x43, 0xb6, 0x43, 0xb6, 0x43, 0xb6, 0x43, 0xb6, 0x43, 0xb6, 0x43, 0xb6, 0x43, 0xb6, 0x43, 0xb6, 0x63, 0xb6, 0x63, 0xb6, 0x63, 0xb6, 0x63, 0xb6, 0x64, 0xb6, 
  0x23, 0xcf, 0x03, 0xcf, 0x02, 0xcf, 0x02, 0xcf, 0x02, 0xc7, 0x02, 0xc7, 0x02, 0xc7, 0x03, 0xc7, 0x02, 0xcf, 0x22, 0xcf, 0x22, 0xcf, 0x23, 0xcf, 0x23, 0xcf, 0x23, 0xcf, 0x23, 0xcf, 
  0x22, 0xcf, 0x22, 0xcf, 0x22, 0xcf, 0x22, 0xcf, 0x22, 0xc7, 0x22, 0xc7, 0x22, 0xc7, 0x22, 0xcf, 0x22, 0xcf, 0x22, 0xcf, 0x22, 0xcf, 0x22, 0xcf, 0x23, 0xcf, 0x23, 0xcf, 0x23, 0xcf, 
  0x23, 0xcf, 0x22, 0xcf, 0x22, 0xcf, 0x22, 0xcf, 0x22, 0xcf, 0x22, 0xc7, 0x22, 0xcf, 0x22, 0xcf, 0x22, 0xcf, 0x22, 0xcf, 0x42, 0xcf, 0x42, 0xcf, 0x42, 0xcf, 0x43, 0xcf, 0x43, 0xcf, 
  0x23, 0xcf, 0x22, 0xcf, 0x22, 0xcf, 0x22, 0xcf, 0x22, 0xc7, 0x22, 0xc7, 0x22, 0xc7, 0x22, 0xc7, 0x22, 0xcf, 0x22, 0xcf, 0x22, 0xcf, 0x42, 0xcf, 0x42, 0xcf, 0x43, 0xcf, 0x43, 0xcf, 
  0x23, 0xcf, 0x22, 0xcf, 0x22, 0xcf, 0x22, 0xcf, 0x22, 0xcf, 0x22, 0xcf, 0x22, 0xcf, 0x22, 0xcf, 0x22, 0xcf, 0x22, 0xcf, 0x22, 0xc7, 0x22, 0xcf, 0x23, 0xcf, 0x23, 0xcf, 0x43, 0xcf, 
  0x23, 0xc7, 0x03, 0xc7, 0x02, 0xc7, 0x02, 0xc7, 0x02, 0xc7, 0x02, 0xc7, 0x02, 0xc7, 0x02, 0xc7, 0x02, 0xc7, 0x02, 0xc7, 0x02, 0xc7, 0x03, 0xc7, 0x03, 0xc7, 0x03, 0xc7, 0x23, 0xc7, 
  0x83, 0xb6, 0x83, 0xb6, 0x63, 0xb6, 0x63, 0xb6, 0x63, 0xb6, 0x62, 0xb6, 0x63, 0xb6, 0x63, 0xb6, 0x63, 0xb6, 0x63, 0xb6, 0x63, 0xb6, 0x83, 0xb6, 0x83, 0xb6, 0x83, 0xbe, 0x83, 0xbe, 
  0x04, 0x95, 0x04, 0x8d, 0x04, 0x8d, 0x04, 0x95, 0x04, 0x95, 0x04, 0x95, 0x04, 0x95, 0x04, 0x95, 0x04, 0x95, 0x04, 0x95, 0x04, 0x95, 0x04, 0x95, 0x04, 0x95, 0x04, 0x95, 0x24, 0x95, 
  0x65, 0x63, 0x65, 0x63, 0x45, 0x63, 0x45, 0x63, 0x45, 0x63, 0x45, 0x63, 0x45, 0x63, 0x45, 0x63, 0x45, 0x63, 0x45, 0x63, 0x45, 0x63, 0x65, 0x63, 0x65, 0x63, 0x65, 0x63, 0x65, 0x63, 
  0xc6, 0x52, 0xc5, 0x52, 0xc5, 0x52, 0xc5, 0x52, 0xc5, 0x52, 0xc5, 0x52, 0xc5, 0x52, 0xc5, 0x52, 0xc5, 0x52, 0xc5, 0x52, 0xc5, 0x52, 0xc5, 0x52, 0xc6, 0x52, 0xc6, 0x52, 0xe6, 0x52, 
  0x65, 0x6c, 0x45, 0x6c, 0x45, 0x6c, 0x45, 0x6c, 0x45, 0x6c, 0x45, 0x6c, 0x45, 0x6c, 0x45, 0x6c, 0x45, 0x6c, 0x45, 0x6c, 0x45, 0x6c, 0x45, 0x6c, 0x65, 0x6c, 0x65, 0x6c, 0x65, 0x6c, 
  0x24, 0x96, 0x24, 0x96, 0x24, 0x8e, 0x24, 0x8e, 0x04, 0x8e, 0x24, 0x8e, 0x24, 0x96, 0x24, 0x96, 0x24, 0x96, 0x24, 0x96, 0x24, 0x96, 0x24, 0x96, 0x44, 0x96, 0x44, 0x96, 0x44, 0x96, 
  0xc4, 0x9e, 0xc3, 0x9e, 0xc3, 0x9e, 0xc3, 0x9e, 0xc3, 0x9e, 0xc3, 0x9e, 0xc3, 0x9e, 0xc3, 0x9e, 0xc3, 0x9e, 0xc3, 0x9e, 0xc3, 0x9e, 0xc3, 0x9e, 0xe4, 0x9e, 0xe4, 0x9e, 0xe4, 0x9e, 
  0xe4, 0x9e, 0xe3, 0x9e, 0xe3, 0x9e, 0xe3, 0x9e, 0xe3, 0x9e, 0xe3, 0x9e, 0xe3, 0x9e, 0xe3, 0x9e, 0xe3, 0x9e, 0xe3, 0x9e, 0xe3, 0x9e, 0xe3, 0x9e, 0xe4, 0x9e, 0x04, 0xa7, 0x04, 0xa7, 
  0xe4, 0xa6, 0xe3, 0x9e, 0xe3, 0x9e, 0xe3, 0x9e, 0xe3, 0x9e, 0xe3, 0x9e, 0xe3, 0x9e, 0xe3, 0x9e, 0x03, 0x9f, 0x03, 0x9f, 0x03, 0x9f, 0xe3, 0xa6, 0xe4, 0xa6, 0x04, 0xa7, 0x04, 0xa7, 
  0x04, 0xa7, 0xe3, 0x9e, 0xe3, 0x9e, 0xe3, 0x9e, 0xe3, 0x9e, 0xe3, 0x9e, 0xe3, 0x9e, 0xe3, 0x9e, 0x03, 0x9f, 0x03, 0x9f, 0xe3, 0x9e, 0xe3, 0x9e, 0xe3, 0xa6, 0xe4, 0xa6, 0xe4, 0xa6, 
  0x04, 0xa7, 0x03, 0x9f, 0xe3, 0x9e, 0xe3, 0x9e, 0x03, 0x9f, 0x03, 0x9f, 0x03, 0x9f, 0x03, 0x9f, 0x03, 0x9f, 0x03, 0x9f, 0x03, 0x9f, 0x03, 0x9f, 0xe3, 0x9e, 0xe4, 0xa6, 0xe4, 0xa6, 
  0x04, 0x9f, 0x04, 0x9f, 0xe3, 0x9e, 0xe3, 0x9e, 0xe3, 0x9e, 0xe3, 0x9e, 0xe3, 0x9e, 0xe3, 0x9e, 0xe3, 0x9e, 0xe3, 0x9e, 0xe3, 0x9e, 0xe3, 0x9e, 0xe3, 0x9e, 0xe4, 0x9e, 0xe4, 0x9e, 
  0xc4, 0x9e, 0xc4, 0x9e, 0xc4, 0x9e, 0xa4, 0x9e, 0xa4, 0x9e, 0xa4, 0x96, 0xa3, 0x96, 0xa3, 0x96, 0xa3, 0x9e, 0xc4, 0x9e, 0xa4, 0x9e, 0xa4, 0x9e, 0xa4, 0x9e, 0xa4, 0x9e, 0xc4, 0x9e, 
  0x64, 0x85, 0x64, 0x85, 0x64, 0x7d, 0x44, 0x7d, 0x44, 0x7d, 0x44, 0x7d, 0x44, 0x7d, 0x44, 0x7d, 0x64, 0x85, 0x64, 0x85, 0x64, 0x85, 0x44, 0x85, 0x65, 0x85, 0x65, 0x85, 0x65, 0x85, 
  0x46, 0x42, 0x26, 0x42, 0x25, 0x42, 0x25, 0x3a, 0x25, 0x3a, 0x25, 0x42, 0x26, 0x42, 0x25, 0x42, 0x25, 0x42, 0x26, 0x42, 0x26, 0x42, 0x26, 0x42, 0x26, 0x42, 0x26, 0x42, 0x46, 0x42, 
  0x86, 0x42, 0x86, 0x42, 0x66, 0x42, 0x65, 0x42, 0x65, 0x42, 0x65, 0x42, 0x66, 0x42, 0x86, 0x42, 0x86, 0x42, 0x86, 0x42, 0x86, 0x42, 0x86, 0x42, 0x86, 0x42, 0x86, 0x42, 0x86, 0x42, 
  0xc5, 0x64, 0xa5, 0x5c, 0xa5, 0x5c, 0xa5, 0x5c, 0xa5, 0x5c, 0xa5, 0x5c, 0xa5, 0x5c, 0xa5, 0x5c, 0xa5, 0x64, 0xa5, 0x64, 0xa5, 0x64, 0xa5, 0x5c, 0xa5, 0x5c, 0xc6, 0x64, 0xc6, 0x64, 
  0x25, 0x76, 0x25, 0x76, 0x05, 0x6e, 0x04, 0x6e, 0x04, 0x6e, 0x04, 0x6e, 0x05, 0x6e, 0x25, 0x76, 0x25, 0x76, 0x25, 0x76, 0x25, 0x76, 0x25, 0x76, 0x25, 0x76, 0x25, 0x76, 0x25, 0x76, 
  0xa5, 0x7e, 0xa4, 0x76, 0xa4, 0x76, 0xa4, 0x76, 0xa4, 0x76, 0xa4, 0x76, 0xa4, 0x76, 0xa4, 0x76, 0xa4, 0x76, 0xa4, 0x76, 0xa4, 0x76, 0xa4, 0x76, 0xa5, 0x76, 0xa5, 0x76, 0xa5, 0x7e, 
  0xc4, 0x76, 0xa4, 0x76, 0xa4, 0x76, 0xa4, 0x76, 0xa4, 0x76, 0xa4, 0x76, 0xa4, 0x76, 0xa4, 0x76, 0xa4, 0x76, 0xc4, 0x76, 0xc4, 0x76, 0xa4, 0x76, 0xa5, 0x76, 0xc5, 0x76, 0xc5, 0x7e, 
  0xc4, 0x76, 0xc4, 0x76, 0xa4, 0x76, 0xa4, 0x76, 0xa4, 0x76, 0xa4, 0x76, 0xa4, 0x76, 0xa4, 0x76, 0xc4, 0x76, 0xc4, 0x76, 0xc4, 0x76, 0xc5, 0x76, 0xc5, 0x76, 0xc5, 0x76, 0xc5, 0x7e, 
  0xc4, 0x76, 0xc4, 0x76, 0xc4, 0x76, 0xa4, 0x76, 0xa4, 0x76, 0xa4, 0x76, 0xa4, 0x76, 0xa4, 0x76, 0xa4, 0x76, 0xc4, 0x76, 0xc4, 0x76, 0xc5, 0x76, 0xc5, 0x76, 0xc5, 0x76, 0xc5, 0x7e, 
  0xc4, 0x76, 0xc4, 0x76, 0xc4, 0x76, 0xc4, 0x76, 0xc4, 0x76, 0xc4, 0x76, 0xc4, 0x76, 0xa4, 0x76, 0xc4, 0x76, 0xc4, 0x76, 0xc4, 0x76, 0xa5, 0x76, 0xa5, 0x76, 0xc5, 0x76, 0xe5, 0x76, 
  0x84, 0x76, 0xa4, 0x76, 0xa4, 0x6e, 0xa4, 0x6e, 0x84, 0x6e, 0x84, 0x6e, 0xa4, 0x76, 0xa5, 0x76, 0x84, 0x76, 0x84, 0x76, 0x84, 0x76, 0x85, 0x76, 0x85, 0x76, 0xa5, 0x76, 0xa5, 0x76, 
  0xc5, 0x6d, 0xc4, 0x65, 0xc4, 0x65, 0xc4, 0x65, 0xc4, 0x65, 0xc4, 0x65, 0xc5, 0x65, 0xc5, 0x6d, 0xc5, 0x6d, 0xc5, 0x6d, 0xc5, 0x6d, 0xc5, 0x6d, 0xc5, 0x6d, 0xe5, 0x6d, 0xe5, 0x6d, 
  0x45, 0x54, 0x45, 0x54, 0x45, 0x54, 0x45, 0x54, 0x25, 0x54, 0x25, 0x54, 0x45, 0x54, 0x45, 0x54, 0x25, 0x54, 0x25, 0x54, 0x45, 0x54, 0x45, 0x54, 0x45, 0x54, 0x46, 0x5c, 0x46, 0x5c, 
  0xe6, 0x42, 0xe6, 0x42, 0xe5, 0x42, 0xe5, 0x42, 0xe5, 0x42, 0xe5, 0x42, 0xe5, 0x42, 0xe5, 0x42, 0xe5, 0x42, 0xe5, 0x42, 0xe5, 0x42, 0xe6, 0x42, 0xe6, 0x42, 0xe6, 0x42, 0xe6, 0x42, 
  0x46, 0x43, 0x26, 0x43, 0x25, 0x43, 0x25, 0x43, 0x25, 0x43, 0x25, 0x43, 0x26, 0x43, 0x26, 0x43, 0x26, 0x43, 0x26, 0x43, 0x26, 0x43, 0x26, 0x43, 0x26, 0x43, 0x26, 0x43, 0x26, 0x43, 
  0xa6, 0x4c, 0xa5, 0x4c, 0x85, 0x44, 0x85, 0x44, 0xa5, 0x44, 0x85, 0x44, 0x85, 0x44, 0x85, 0x4c, 0x85, 0x44, 0x85, 0x44, 0x86, 0x44, 0x86, 0x44, 0xa6, 0x4c, 0xa6, 0x4c, 0xa6, 0x4c, 
  0x05, 0x56, 0xe5, 0x4d, 0xe5, 0x4d, 0xe5, 0x4d, 0xe5, 0x4d, 0xe5, 0x4d, 0xe5, 0x4d, 0xe5, 0x4d, 0xe5, 0x4d, 0xe5, 0x4d, 0xe5, 0x4d, 0xe6, 0x4d, 0x06, 0x56, 0x06, 0x56, 0x06, 0x56, 
  0x85, 0x56, 0x85, 0x56, 0x85, 0x4e, 0x85, 0x4e, 0x65, 0x4e, 0x65, 0x4e, 0x65, 0x4e, 0x65, 0x4e, 0x65, 0x4e, 0x65, 0x4e, 0x65, 0x4e, 0x65, 0x56, 0x85, 0x56, 0x86, 0x56, 0x86, 0x56, 
  0xa5, 0x4e, 0x85, 0x4e, 0x85, 0x4e, 0x85, 0x4e, 0x85, 0x4e, 0x85, 0x4e, 0x85, 0x4e, 0x85, 0x4e, 0x85, 0x4e, 0x85, 0x4e, 0x85, 0x4e, 0x85, 0x4e, 0xa5, 0x56, 0xa5, 0x56, 0xa6, 0x56, 
  0xa5, 0x4e, 0x85, 0x4e, 0x85, 0x4e, 0x85, 0x4e, 0x85, 0x4e, 0x85, 0x4e, 0x85, 0x4e, 0x85, 0x4e, 0x85, 0x4e, 0x85, 0x4e, 0x85, 0x4e, 0x85, 0x4e, 0xa5, 0x4e, 0xa6, 0x56, 0xa6, 0x56, 
  0xa5, 0x4e, 0x85, 0x4e, 0x85, 0x4e, 0x85, 0x4e, 0x85, 0x4e, 0x85, 0x4e, 0x85, 0x4e, 0x85, 0x4e, 0x85, 0x4e, 0x85, 0x4e, 0x85, 0x4e, 0x85, 0x4e, 0xa5, 0x4e, 0xa5, 0x4e, 0x86, 0x56, 
  0x85, 0x4e, 0x85, 0x4e, 0x85, 0x4e, 0x85, 0x4e, 0x85, 0x4e, 0x85, 0x4e, 0x85, 0x4e, 0x85, 0x4e, 0x85, 0x4e, 0x85, 0x4e, 0x85, 0x4e, 0x85, 0x4e, 0xa5, 0x4e, 0xa5, 0x4e, 0x86, 0x56, 
  0x46, 0x4e, 0x45, 0x4e, 0x45, 0x4e, 0x25, 0x4e, 0x25, 0x4e, 0x25, 0x46, 0x25, 0x46, 0x25, 0x46, 0x45, 0x46, 0x45, 0x4e, 0x45, 0x4e, 0x45, 0x4e, 0x45, 0x4e, 0x46, 0x4e, 0x46, 0x4e, 
  0x46, 0x45, 0x46, 0x45, 0x45, 0x45, 0x45, 0x45, 0x45, 0x45, 0x45, 0x45, 0x45, 0x45, 0x45, 0x45, 0x46, 0x45, 0x46, 0x45, 0x45, 0x45, 0x45, 0x45, 0x45, 0x45, 0x66, 0x45, 0x46, 0x4d, 
  0xe6, 0x43, 0xe6, 0x3b, 0xe6, 0x3b, 0xe6, 0x43, 0xe5, 0x3b, 0xe5, 0x3b, 0xe6, 0x3b, 0xe6, 0x3b, 0xe6, 0x3b, 0xe6, 0x3b, 0xe6, 0x3b, 0xe6, 0x3b, 0xe6, 0x3b, 0xe6, 0x43, 0x06, 0x44, 
  0x06, 0x3b, 0x06, 0x3b, 0x06, 0x3b, 0x06, 0x3b, 0x06, 0x3b, 0x06, 0x33, 0x06, 0x33, 0x06, 0x33, 0x06, 0x33, 0x06, 0x33, 0x06, 0x33, 0x06, 0x3b, 0x06, 0x3b, 0x06, 0x3b, 0x26, 0x3b, 
  0x66, 0x33, 0x66, 0x33, 0x66, 0x33, 0x66, 0x33, 0x66, 0x33, 0x66, 0x33, 0x66, 0x33, 0x66, 0x33, 0x66, 0x33, 0x66, 0x33, 0x66, 0x33, 0x66, 0x33, 0x66, 0x33, 0x66, 0x33, 0x66, 0x33, 
  0xc6, 0x34, 0xc6, 0x34, 0xc6, 0x34, 0xc6, 0x34, 0xc6, 0x34, 0xc6, 0x34, 0xc6, 0x34, 0xc6, 0x34, 0xc6, 0x34, 0xc6, 0x34, 0xc6, 0x34, 0xc6, 0x34, 0xc6, 0x34, 0xc6, 0x34, 0xc7, 0x34, 
  0xe6, 0x35, 0xe6, 0x35, 0xe6, 0x2d, 0xe6, 0x2d, 0xe6, 0x2d, 0xe6, 0x2d, 0xe6, 0x35, 0xe6, 0x35, 0xe6, 0x35, 0xe6, 0x35, 0xe6, 0x35, 0xe6, 0x35, 0xe6, 0x35, 0xe7, 0x35, 0xe7, 0x35, 
  0x46, 0x36, 0x46, 0x2e, 0x26, 0x2e, 0x26, 0x2e, 0x26, 0x2e, 0x26, 0x2e, 0x46, 0x36, 0x46, 0x36, 0x46, 0x36, 0x46, 0x36, 0x46, 0x36, 0x46, 0x36, 0x46, 0x36, 0x46, 0x36, 0x47, 0x36, 
  0x26, 0x36, 0x46, 0x2e, 0x26, 0x2e, 0x26, 0x2e, 0x26, 0x2e, 0x26, 0x2e, 0x46, 0x2e, 0x46, 0x2e, 0x46, 0x2e, 0x46, 0x2e, 0x46, 0x2e, 0x46, 0x2e, 0x46, 0x2e, 0x46, 0x2e, 0x46, 0x2e, 
  0x27, 0x2e, 0x27, 0x2e, 0x26, 0x2e, 0x26, 0x2e, 0x26, 0x2e, 0x26, 0x2e, 0x26, 0x2e, 0x46, 0x2e, 0x26, 0x2e, 0x26, 0x2e, 0x26, 0x2e, 0x46, 0x2e, 0x46, 0x2e, 0x46, 0x2e, 0x46, 0x2e, 
  0x27, 0x2e, 0x27, 0x2e, 0x26, 0x2e, 0x26, 0x2e, 0x26, 0x2e, 0x26, 0x2e, 0x26, 0x2e, 0x26, 0x2e, 0x26, 0x2e, 0x26, 0x2e, 0x26, 0x2e, 0x26, 0x2e, 0x46, 0x2e, 0x47, 0x2e, 0x47, 0x2e, 
  0x27, 0x2e, 0x26, 0x2e, 0x26, 0x2e, 0x26, 0x2e, 0x06, 0x2e, 0x06, 0x2e, 0x06, 0x2e, 0x06, 0x2e, 0x06, 0x2e, 0x06, 0x2e, 0x06, 0x2e, 0x06, 0x2e, 0x26, 0x2e, 0x27, 0x2e, 0x27, 0x2e, 
  0xa7, 0x2d, 0xa6, 0x2d, 0xa6, 0x2d, 0xa6, 0x2d, 0xa6, 0x2d, 0x86, 0x2d, 0x86, 0x2d, 0x86, 0x2d, 0x86, 0x2d, 0x86, 0x2d, 0x86, 0x2d, 0xa6, 0x2d, 0xa6, 0x2d, 0xa6, 0x2d, 0xa7, 0x2d, 
  0xa7, 0x2c, 0xa6, 0x2c, 0xa6, 0x2c, 0xa6, 0x2c, 0xa6, 0x2c, 0xa6, 0x2c, 0xa6, 0x2c, 0xa6, 0x2c, 0xa6, 0x2c, 0xa6, 0x2c, 0xa6, 0x2c, 0xa6, 0x2c, 0xa6, 0x2c, 0xa6, 0x2c, 0xa7, 0x2c, 
  0x46, 0x33, 0x46, 0x33, 0x46, 0x33, 0x46, 0x33, 0x46, 0x33, 0x46, 0x33, 0x46, 0x33, 0x46, 0x33, 0x46, 0x33, 0x46, 0x33, 0x46, 0x33, 0x46, 0x33, 0x46, 0x33, 0x46, 0x33, 0x47, 0x33, 
  0xe6, 0x32, 0xc6, 0x2a, 0xc6, 0x2a, 0xc6, 0x32, 0xc6, 0x32, 0xc6, 0x2a, 0xc6, 0x2a, 0xc6, 0x2a, 0xc6, 0x2a, 0xe6, 0x32, 0xc6, 0x2a, 0xc6, 0x2a, 0xe6, 0x32, 0xe6, 0x32, 0xe7, 0x32, 
  0x07, 0x2c, 0x07, 0x2c, 0x07, 0x24, 0x07, 0x2c, 0x07, 0x2c, 0x07, 0x24, 0x07, 0x24, 0x07, 0x24, 0x07, 0x24, 0x07, 0x24, 0x07, 0x24, 0x07, 0x24, 0x07, 0x24, 0x07, 0x2c, 0x07, 0x2c, 
  0x47, 0x25, 0x47, 0x1d, 0x47, 0x1d, 0x47, 0x1d, 0x47, 0x1d, 0x47, 0x1d, 0x47, 0x1d, 0x47, 0x1d, 0x47, 0x1d, 0x47, 0x1d, 0x47, 0x1d, 0x47, 0x1d, 0x47, 0x1d, 0x47, 0x25, 0x47, 0x25, 
  0xc7, 0x1d, 0xc7, 0x1d, 0xc7, 0x1d, 0xc7, 0x1d, 0xc7, 0x1d, 0xc7, 0x1d, 0xc7, 0x1d, 0xc7, 0x1d, 0xc7, 0x1d, 0xc7, 0x1d, 0xc7, 0x1d, 0xc7, 0x1d, 0xc7, 0x1d, 0xc7, 0x1d, 0xc7, 0x1d, 
  0xe7, 0x1d, 0xe6, 0x1d, 0xe6, 0x1d, 0xe7, 0x1d, 0xe7, 0x1d, 0xe7, 0x1d, 0xe7, 0x1d, 0xe7, 0x1d, 0xe7, 0x1d, 0xe7, 0x1d, 0xe7, 0x1d, 0xe7, 0x1d, 0xe7, 0x1d, 0xe7, 0x1d, 0xe7, 0x1d, 
  0xe7, 0x1d, 0xe6, 0x1d, 0xe6, 0x1d, 0xe6, 0x1d, 0xe7, 0x1d, 0xe7, 0x1d, 0xe7, 0x1d, 0xe7, 0x1d, 0xe7, 0x1d, 0xe7, 0x1d, 0xe7, 0x1d, 0xe7, 0x1d, 0xe7, 0x1d, 0xe7, 0x1d, 0x07, 0x1e, 
  0xe7, 0x1d, 0xe6, 0x1d, 0xe6, 0x15, 0xe6, 0x15, 0xe6, 0x1d, 0xe7, 0x1d, 0xe7, 0x1d, 0xe7, 0x1d, 0xe7, 0x1d, 0xe7, 0x1d, 0xe7, 0x1d, 0xe7, 0x1d, 0xe7, 0x1d, 0xe7, 0x1d, 0x07, 0x1e, 
  0xe7, 0x1d, 0xc6, 0x1d, 0xc6, 0x15, 0xc6, 0x15, 0xc6, 0x15, 0xc6, 0x15, 0xc6, 0x15, 0xe6, 0x15, 0xe7, 0x1d, 0xc7, 0x15, 0xe7, 0x1d, 0xe7, 0x1d, 0xe7, 0x1d, 0xe7, 0x1d, 0xe7, 0x1d, 
  0xc7, 0x1d, 0xc6, 0x1d, 0xc6, 0x15, 0xc6, 0x15, 0xc6, 0x15, 0xc6, 0x15, 0xc6, 0x15, 0xc6, 0x15, 0xc6, 0x15, 0xc7, 0x15, 0xc7, 0x15, 0xe7, 0x1d, 0xe7, 0x1d, 0xe7, 0x1d, 0xe7, 0x1d, 
  0x87, 0x1d, 0x87, 0x1d, 0x86, 0x1d, 0x86, 0x1d, 0x86, 0x1d, 0x86, 0x1d, 0x86, 0x1d, 0x86, 0x1d, 0x86, 0x1d, 0x87, 0x1d, 0x87, 0x1d, 0xa7, 0x1d, 0xa7, 0x1d, 0xa7, 0x1d, 0xa7, 0x1d, 
#endif
#if LV_COLOR_DEPTH == 16 && LV_COLOR_16_SWAP != 0
  /*Pixel format: Red: 5 bit, Green: 6 bit, Blue: 5 bit BUT the 2 bytes are swapped*/
  0x78, 0x83, 0x78, 0x83, 0x78, 0x62, 0x78, 0x62, 0x78, 0x82, 0x78, 0x62, 0x78, 0x62, 0x78, 0x82, 0x78, 0x82, 0x78, 0x82, 0x78, 0x83, 0x78, 0x83, 0x78, 0x83, 0x78, 0x83, 0x78, 0x83, 
  0x98, 0x22, 0x98, 0x22, 0x98, 0x22, 0x98, 0x22, 0x98, 0x22, 0x98, 0x22, 0x98, 0x22, 0x98, 0x21, 0x98, 0x21, 0x98, 0x22, 0x98, 0x22, 0x98, 0x22, 0x98, 0x22, 0x98, 0x22, 0x98, 0x22, 
  0xa8, 0x02, 0xa0, 0x01, 0xa0, 0x01, 0xa0, 0x01, 0xa0, 0x01, 0xa0, 0x01, 0xa0, 0x01, 0xa0, 0x01, 0xa0, 0x01, 0xa0, 0x01, 0xa8, 0x01, 0xa8, 0x01, 0xa0, 0x02, 0xa8, 0x02, 0xa8, 0x02, 
  0xa8, 0x02, 0xa8, 0x01, 0xa8, 0x01, 0xa8, 0x01, 0xa8, 0x01, 0xa8, 0x01, 0xa8, 0x01, 0xa8, 0x01, 0xa8, 0x01, 0xa8, 0x01, 0xa8, 0x01, 0xa8, 0x01, 0xa8, 0x01, 0xa8, 0x02, 0xa8, 0x02, 
  0xa8, 0x01, 0xa8, 0x01, 0xa8, 0x01, 0xa8, 0x01, 0xa8, 0x01, 0xa8, 0x01, 0xa8, 0x01, 0xa8, 0x01, 0xa8, 0x01, 0xa8, 0x01, 0xa8, 0x01, 0xa8, 0x01, 0xa8, 0x01, 0xa8, 0x02, 0xa8, 0x02, 
  0xa8, 0x01, 0xa8, 0x01, 0xa8, 0x01, 0xa8, 0x01, 0xa8, 0x01, 0xa8, 0x01, 0xa8, 0x01, 0xa8, 0x01, 0xa8, 0x01, 0xa8, 0x01, 0xa8, 0x01, 0xa8, 0x01, 0xa8, 0x01, 0xa8, 0x02, 0xa8, 0x02, 
  0xa8, 0x02, 0xa8, 0x02, 0xa8, 0x01, 0xa8, 0x01, 0xa8, 0x01, 0xa8, 0x01, 0xa8, 0x01, 0xa8, 0x01, 0xa8, 0x01, 0xa8, 0x01, 0xa8, 0x01, 0xa8, 0x01, 0xa8, 0x01, 0xa8, 0x02, 0xa8, 0x02, 
  0xa0, 0x22, 0xa0, 0x22, 0xa0, 0x22, 0xa0, 0x22, 0xa0, 0x22, 0xa0, 0x22, 0xa0, 0x22, 0xa0, 0x22, 0xa0, 0x22, 0xa0, 0x22, 0xa0, 0x22, 0xa0, 0x22, 0xa0, 0x22, 0xa0, 0x22, 0xa0, 0x22, 
  0x88, 0x63, 0x88, 0x62, 0x88, 0x62, 0x88, 0x62, 0x88, 0x62, 0x88, 0x62, 0x88, 0x62, 0x88, 0x62, 0x88, 0x62, 0x88, 0x62, 0x88, 0x62, 0x88, 0x62, 0x88, 0x62, 0x88, 0x62, 0x88, 0x63, 
  0x60, 0xc4, 0x60, 0xc3, 0x60, 0xc3, 0x60, 0xc3, 0x60, 0xc3, 0x60, 0xc3, 0x60, 0xc3, 0x60, 0xc3, 0x60, 0xc4, 0x60, 0xc3, 0x60, 0xc3, 0x60, 0xc4, 0x60, 0xc4, 0x60, 0xc4, 0x60, 0xc4, 
  0x51, 0x04, 0x49, 0x04, 0x49, 0x04, 0x49, 0x04, 0x49, 0x04, 0x49, 0x04, 0x49, 0x04, 0x49, 0x04, 0x49, 0x04, 0x49, 0x04, 0x49, 0x04, 0x49, 0x04, 0x51, 0x04, 0x51, 0x04, 0x51, 0x04, 
  0x68, 0xc4, 0x68, 0xc4, 0x68, 0xc3, 0x68, 0xc3, 0x68, 0xc3, 0x68, 0xc3, 0x68, 0xc3, 0x68, 0xc3, 0x68, 0xc4, 0x68, 0xc4, 0x60, 0xc4, 0x68, 0xc4, 0x68, 0xc4, 0x68, 0xc4, 0x68, 0xc4, 
  0x90, 0x63, 0x90, 0x63, 0x90, 0x63, 0x90, 0x63, 0x90, 0x43, 0x90, 0x42, 0x90, 0x62, 0x90, 0x63, 0x90, 0x63, 0x90, 0x63, 0x90, 0x43, 0x90, 0x43, 0x90, 0x63, 0x90, 0x63, 0x90, 0x63, 
  0xa8, 0x22, 0xa8, 0x22, 0xa8, 0x22, 0xa8, 0x22, 0xa8, 0x22, 0xa8, 0x22, 0xa8, 0x22, 0xa8, 0x22, 0xa8, 0x22, 0xa8, 0x22, 0xa8, 0x22, 0xa8, 0x22, 0xa8, 0x22, 0xa8, 0x22, 0xa8, 0x22, 
  0xb0, 0x22, 0xb0, 0x22, 0xb0, 0x02, 0xb0, 0x02, 0xb0, 0x02, 0xb0, 0x02, 0xb0, 0x02, 0xb0, 0x02, 0xb0, 0x02, 0xb0, 0x02, 0xb0, 0x02, 0xb0, 0x02, 0xb0, 0x22, 0xb0, 0x22, 0xb0, 0x22, 
  0xb0, 0x22, 0xb0, 0x22, 0xb0, 0x02, 0xb0, 0x02, 0xb0, 0x02, 0xb0, 0x02, 0xb0, 0x02, 0xb0, 0x02, 0xb0, 0x02, 0xb0, 0x22, 0xb0, 0x02, 0xb0, 0x02, 0xb0, 0x22, 0xb0, 0x22, 0xb0, 0x22, 
  0xb0, 0x22, 0xb0, 0x22, 0xb0, 0x22, 0xb0, 0x22, 0xb0, 0x02, 0xb0, 0x02, 0xb0, 0x02, 0xb0, 0x02, 0xb0, 0x02, 0xb0, 0x02, 0xb0, 0x02, 0xb0, 0x02, 0xb0, 0x02, 0xb0, 0x22, 0xb0, 0x22, 
  0xb8, 0x22, 0xb0, 0x22, 0xb0, 0x22, 0xb0, 0x22, 0xb0, 0x22, 0xb0, 0x22, 0xb0, 0x22, 0xb0, 0x22, 0xb0, 0x22, 0xb0, 0x02, 0xb0, 0x02, 0xb0, 0x02, 0xb0, 0x02, 0xb0, 0x22, 0xb0, 0x22, 
  0xb0, 0x22, 0xb0, 0x22, 0xb0, 0x22, 0xb0, 0x22, 0xb0, 0x22, 0xb0, 0x22, 0xb0, 0x22, 0xb0, 0x22, 0xb0, 0x22, 0xb0, 0x22, 0xb0, 0x02, 0xb0, 0x02, 0xb0, 0x22, 0xb0, 0x22, 0xb0, 0x22, 
  0xa8, 0x42, 0xa0, 0x42, 0xa0, 0x42, 0xa0, 0x42, 0xa0, 0x42, 0xa0, 0x42, 0xa0, 0x42, 0xa0, 0x42, 0xa0, 0x42, 0xa0, 0x42, 0xa0, 0x42, 0xa0, 0x42, 0xa0, 0x42, 0xa0, 0x42, 0xa0, 0x42, 
  0x78, 0xc4, 0x78, 0xc4, 0x78, 0xa3, 0x70, 0xa3, 0x78, 0xa3, 0x78, 0xa3, 0x78, 0xa3, 0x78, 0xa3, 0x70, 0xa3, 0x70, 0xa3, 0x70, 0xa3, 0x78, 0xa3, 0x78, 0xa4, 0x78, 0xa4, 0x70, 0xa4, 
  0x59, 0x04, 0x59, 0x04, 0x59, 0x04, 0x59, 0x04, 0x59, 0x04, 0x59, 0x04, 0x59, 0x04, 0x59, 0x04, 0x59, 0x04, 0x59, 0x04, 0x59, 0x04, 0x59, 0x04, 0x59, 0x04, 0x59, 0x04, 0x59, 0x04, 
  0x61, 0x05, 0x61, 0x04, 0x61, 0x04, 0x61, 0x04, 0x61, 0x04, 0x61, 0x04, 0x61, 0x04, 0x61, 0x04, 0x61, 0x04, 0x61, 0x04, 0x61, 0x04, 0x61, 0x04, 0x61, 0x04, 0x61, 0x04, 0x61, 0x04, 
  0x90, 0xc4, 0x90, 0xc4, 0x90, 0xc4, 0x90, 0xc4, 0x90, 0xc4, 0x90, 0xc4, 0x90, 0xc4, 0x90, 0xc4, 0x90, 0xc4, 0x90, 0xc4, 0x90, 0xc4, 0x90, 0xc4, 0x90, 0xc4, 0x90, 0xc4, 0x90, 0xc4, 
  0xb8, 0x83, 0xb8, 0x83, 0xb8, 0x83, 0xb8, 0x63, 0xb8, 0x63, 0xb8, 0x63, 0xb8, 0x63, 0xb8, 0x63, 0xb8, 0x63, 0xb8, 0x63, 0xb8, 0x63, 0xb8, 0x83, 0xb8, 0x83, 0xb8, 0x83, 0xb8, 0x83, 
  0xd0, 0x63, 0xd0, 0x63, 0xd0, 0x63, 0xc8, 0x43, 0xc8, 0x43, 0xc8, 0x63, 0xd0, 0x63, 0xd0, 0x63, 0xd0, 0x63, 0xc8, 0x63, 0xc8, 0x63, 0xc8, 0x63, 0xd0, 0x63, 0xd0, 0x63, 0xd0, 0x63, 
  0xd8, 0x63, 0xd0, 0x63, 0xd0, 0x63, 0xd0, 0x63, 0xd0, 0x63, 0xd0, 0x63, 0xd0, 0x63, 0xd0, 0x63, 0xd0, 0x63, 0xd0, 0x63, 0xd0, 0x63, 0xd0, 0x63, 0xd0, 0x63, 0xd0, 0x63, 0xd0, 0x63, 
  0xd8, 0x63, 0xd0, 0x63, 0xd0, 0x63, 0xd0, 0x63, 0xd0, 0x43, 0xd0, 0x43, 0xd0, 0x63, 0xd0, 0x63, 0xd0, 0x63, 0xd0, 0x63, 0xd0, 0x63, 0xd0, 0x63, 0xd0, 0x63, 0xd8, 0x63, 0xd0, 0x63, 
  0xd8, 0x63, 0xd0, 0x63, 0xd0, 0x63, 0xd0, 0x63, 0xd0, 0x43, 0xd0, 0x43, 0xd0, 0x63, 0xd0, 0x63, 0xd0, 0x63, 0xd0, 0x63, 0xd0, 0x63, 0xd0, 0x63, 0xd0, 0x63, 0xd0, 0x63, 0xd0, 0x63, 
  0xd8, 0x63, 0xd0, 0x63, 0xd0, 0x63, 0xd0, 0x63, 0xd0, 0x43, 0xd0, 0x43, 0xd0, 0x63, 0xd0, 0x63, 0xd0, 0x63, 0xd0, 0x63, 0xd0, 0x63, 0xd0, 0x63, 0xd0, 0x63, 0xd0, 0x63, 0xd0, 0x63, 
  0xd0, 0x83, 0xd0, 0x63, 0xc8, 0x63, 0xc8, 0x63, 0xc8, 0x63, 0xc8, 0x63, 0xc8, 0x63, 0xc8, 0x63, 0xc8, 0x63, 0xc8, 0x63, 0xc8, 0x63, 0xc8, 0x63, 0xc8, 0x63, 0xc8, 0x63, 0xc8, 0x63, 
  0xb0, 0xa3, 0xb0, 0xa3, 0xb0, 0x83, 0xa8, 0x83, 0xa8, 0x83, 0xa8, 0x83, 0xa8, 0x83, 0xa8, 0x83, 0xa8, 0x83, 0xb0, 0x83, 0xb0, 0x83, 0xb0, 0x83, 0xb0, 0xa3, 0xb0, 0xa3, 0xb0, 0x83, 
  0x80, 0xe4, 0x80, 0xe4, 0x80, 0xe4, 0x80, 0xe4, 0x80, 0xe4, 0x80, 0xe4, 0x80, 0xe4, 0x80, 0xe4, 0x80, 0xe4, 0x80, 0xe4, 0x80, 0xe4, 0x80, 0xe4, 0x80, 0xe4, 0x80, 0xe4, 0x80, 0xe4, 
  0x59, 0x45, 0x59, 0x25, 0x59, 0x25, 0x59, 0x25, 0x59, 0x25, 0x59, 0x25, 0x59, 0x25, 0x59, 0x25, 0x59, 0x25, 0x59, 0x25, 0x59, 0x25, 0x59, 0x25, 0x59, 0x45, 0x59, 0x45, 0x59, 0x45, 
  0x71, 0x45, 0x69, 0x45, 0x69, 0x45, 0x69, 0x25, 0x69, 0x25, 0x69, 0x25, 0x69, 0x25, 0x69, 0x25, 0x69, 0x45, 0x69, 0x45, 0x69, 0x45, 0x69, 0x45, 0x69, 0x45, 0x69, 0x45, 0x69, 0x45, 
  0xc1, 0x24, 0xb9, 0x04, 0xb9, 0x04, 0xb9, 0x04, 0xb9, 0x04, 0xb9, 0x04, 0xb9, 0x04, 0xb9, 0x04, 0xb9, 0x04, 0xb9, 0x04, 0xb9, 0x04, 0xb9, 0x04, 0xb9, 0x24, 0xb9, 0x24, 0xb9, 0x24, 
  0xf9, 0x04, 0xf9, 0x04, 0xf1, 0x04, 0xf0, 0xe4, 0xf0, 0xe4, 0xf0, 0xe4, 0xf0, 0xe4, 0xf0, 0xe4, 0xf0, 0xe4, 0xf0, 0xe4, 0xf0, 0xe4, 0xf0, 0xe4, 0xf1, 0x04, 0xf1, 0x04, 0xf9, 0x04, 
  0xf9, 0x04, 0xf9, 0x04, 0xf9, 0x04, 0xf9, 0x04, 0xf9, 0x04, 0xf9, 0x04, 0xf9, 0x04, 0xf9, 0x04, 0xf9, 0x04, 0xf9, 0x04, 0xf9, 0x04, 0xf9, 0x04, 0xf9, 0x04, 0xf9, 0x04, 0xf9, 0x04, 
  0xf9, 0x04, 0xf9, 0x04, 0xf8, 0xe4, 0xf8, 0xe4, 0xf9, 0x04, 0xf8, 0xe4, 0xf8, 0xe4, 0xf9, 0x04, 0xf9, 0x04, 0xf9, 0x04, 0xf9, 0x04, 0xf9, 0x04, 0xf9, 0x04, 0xf9, 0x04, 0xf9, 0x04, 
  0xf9, 0x04, 0xf9, 0x04, 0xf9, 0x04, 0xf8, 0xe4, 0xf8, 0xe4, 0xf8, 0xe4, 0xf8, 0xe4, 0xf9, 0x04, 0xf9, 0x04, 0xf9, 0x04, 0xf9, 0x04, 0xf9, 0x04, 0xf9, 0x04, 0xf9, 0x04, 0xf9, 0x04, 
  0xf9, 0x04, 0xf9, 0x04, 0xf9, 0x04, 0xf8, 0xe3, 0xf8, 0xe3, 0xf8, 0xe4, 0xf8, 0xe4, 0xf9, 0x04, 0xf9, 0x04, 0xf9, 0x04, 0xf9, 0x04, 0xf9, 0x04, 0xf9, 0x04, 0xf9, 0x04, 0xf9, 0x04, 
  0xf9, 0x04, 0xf9, 0x04, 0xf9, 0x04, 0xf8, 0xe3, 0xf8, 0xe3, 0xf8, 0xe4, 0xf8, 0xe4, 0xf9, 0x04, 0xf9, 0x04, 0xf9, 0x04, 0xf9, 0x04, 0xf9, 0x04, 0xf9, 0x04, 0xf9, 0x04, 0xf9, 0x04, 
  0xf9, 0x04, 0xf8, 0xe4, 0xf8, 0xe4, 0xf8, 0xe4, 0xf8, 0xe4, 0xf8, 0xe4, 0xf8, 0xe4, 0xf8, 0xe4, 0xf9, 0x04, 0xf8, 0xe4, 0xf8, 0xe4, 0xf9, 0x04, 0xf9, 0x04, 0xf9, 0x04, 0xf9, 0x04, 
  0xe1, 0x04, 0xe1, 0x04, 0xe0, 0xe4, 0xe0, 0xe4, 0xe0, 0xe4, 0xe0, 0xe4, 0xe1, 0x04, 0xe1, 0x04, 0xe1, 0x04, 0xe1, 0x04, 0xe1, 0x04, 0xe1, 0x04, 0xe1, 0x04, 0xe1, 0x04, 0xe1, 0x04, 
  0x79, 0x45, 0x79, 0x25, 0x79, 0x25, 0x79, 0x24, 0x79, 0x24, 0x79, 0x25, 0x79, 0x25, 0x79, 0x25, 0x79, 0x25, 0x79, 0x25, 0x79, 0x25, 0x79, 0x25, 0x79, 0x45, 0x79, 0x45, 0x79, 0x45, 
  0x49, 0x65, 0x49, 0x65, 0x49, 0x65, 0x49, 0x65, 0x49, 0x65, 0x49, 0x65, 0x49, 0x65, 0x49, 0x65, 0x49, 0x65, 0x49, 0x65, 0x49, 0x65, 0x49, 0x65, 0x49, 0x65, 0x49, 0x85, 0x49, 0x85, 
  0x89, 0x85, 0x89, 0x85, 0x89, 0x85, 0x89, 0x65, 0x81, 0x65, 0x81, 0x65, 0x81, 0x85, 0x81, 0x65, 0x89, 0x65, 0x81, 0x85, 0x81, 0x85, 0x89, 0x85, 0x89, 0x85, 0x89, 0x85, 0x89, 0x85, 
  0xd1, 0xa4, 0xd1, 0xa4, 0xd1, 0x84, 0xd1, 0x84, 0xd1, 0x84, 0xd1, 0x84, 0xd1, 0x84, 0xd1, 0x84, 0xd1, 0x84, 0xd1, 0x84, 0xd1, 0x84, 0xd1, 0xa4, 0xd9, 0xa4, 0xd9, 0x84, 0xd9, 0x84, 
  0xf1, 0xa4, 0xf1, 0xa4, 0xf1, 0xa4, 0xf1, 0xa4, 0xf1, 0x84, 0xf1, 0x84, 0xf1, 0x84, 0xf1, 0x84, 0xf1, 0x84, 0xf1, 0x84, 0xf1, 0xa4, 0xf1, 0xa4, 0xf1, 0xa4, 0xf1, 0xa4, 0xf1, 0xa4, 
  0xf9, 0xa4, 0xf9, 0xa4, 0xf9, 0xa4, 0xf9, 0xa4, 0xf9, 0xa4, 0xf9, 0xa4, 0xf9, 0xa4, 0xf9, 0x84, 0xf9, 0x84, 0xf9, 0x84, 0xf9, 0x84, 0xf9, 0xa4, 0xf9, 0xa4, 0xf9, 0xa4, 0xf9, 0xa4, 
  0xf9, 0xa4, 0xf9, 0xa4, 0xf9, 0xa4, 0xf9, 0xa4, 0xf9, 0xa4, 0xf9, 0xa4, 0xf9, 0xa4, 0xf9, 0x84, 0xf9, 0x84, 0xf9, 0x84, 0xf9, 0x84, 0xf9, 0x84, 0xf9, 0xa4, 0xf9, 0xa4, 0xf9, 0xa4, 
  0xf9, 0xa4, 0xf9, 0xa4, 0xf9, 0xa4, 0xf9, 0xa4, 0xf9, 0xa4, 0xf9, 0xa4, 0xf9, 0xa4, 0xf9, 0x84, 0xf9, 0x84, 0xf9, 0x84, 0xf9, 0x84, 0xf9, 0x84, 0xf9, 0x84, 0xf9, 0xa4, 0xf9, 0xa4, 
  0xf9, 0xa4, 0xf9, 0xa4, 0xf9, 0xa4, 0xf9, 0x84, 0xf9, 0x84, 0xf9, 0x84, 0xf9, 0x84, 0xf9, 0x84, 0xf9, 0x84, 0xf9, 0x84, 0xf9, 0x84, 0xf9, 0x84, 0xf9, 0x84, 0xf9, 0xa4, 0xf9, 0xa4, 
  0xf9, 0xa4, 0xf9, 0xa4, 0xf9, 0x84, 0xf9, 0x84, 0xf9, 0x84, 0xf9, 0x84, 0xf9, 0x84, 0xf9, 0x84, 0xf9, 0x84, 0xf9, 0x84, 0xf9, 0x84, 0xf9, 0x84, 0xf9, 0x84, 0xf9, 0xa4, 0xf9, 0xa4, 
  0xf1, 0xa4, 0xf1, 0x84, 0xf1, 0x84, 0xf1, 0x84, 0xf1, 0x84, 0xf1, 0x84, 0xf1, 0x84, 0xf1, 0x84, 0xf1, 0x64, 0xf1, 0x64, 0xf1, 0x84, 0xf1, 0x84, 0xf1, 0x84, 0xf1, 0xa4, 0xf1, 0xa4, 
  0xc9, 0x85, 0xc9, 0x84, 0xc9, 0x84, 0xc9, 0x84, 0xc9, 0x84, 0xc9, 0x84, 0xc9, 0x84, 0xc9, 0x84, 0xc9, 0x64, 0xc9, 0x64, 0xc9, 0x84, 0xc9, 0x85, 0xc9, 0x85, 0xc9, 0x85, 0xc9, 0xa5, 
  0x89, 0x85, 0x89, 0x85, 0x89, 0x65, 0x89, 0x65, 0x89, 0x85, 0x89, 0x85, 0x89, 0x85, 0x89, 0x85, 0x89, 0x85, 0x89, 0x85, 0x89, 0x85, 0x89, 0x85, 0x89, 0x85, 0x89, 0x85, 0x89, 0x85, 
  0x69, 0xa5, 0x69, 0x85, 0x69, 0x85, 0x69, 0x85, 0x69, 0x85, 0x69, 0x85, 0x69, 0x85, 0x69, 0x85, 0x69, 0x85, 0x69, 0x85, 0x69, 0x85, 0x69, 0x85, 0x69, 0x85, 0x69, 0x85, 0x69, 0xa5, 
  0x89, 0xc5, 0x89, 0xc5, 0x89, 0xc5, 0x89, 0xc5, 0x91, 0xc5, 0x91, 0xc5, 0x91, 0xc5, 0x91, 0xc5, 0x91, 0xc5, 0x89, 0xc5, 0x89, 0xc5, 0x91, 0xc5, 0x89, 0xc5, 0x89, 0xc5, 0x91, 0xc5, 
  0xca, 0x05, 0xca, 0x05, 0xc9, 0xe4, 0xc9, 0xe4, 0xc9, 0xe4, 0xca, 0x05, 0xca, 0x05, 0xca, 0x05, 0xca, 0x05, 0xca, 0x04, 0xca, 0x05, 0xca, 0x05, 0xca, 0x04, 0xca, 0x04, 0xca, 0x05, 
  0xf2, 0x24, 0xf2, 0x24, 0xf2, 0x24, 0xf2, 0x24, 0xf2, 0x24, 0xf2, 0x24, 0xf2, 0x24, 0xf2, 0x24, 0xf2, 0x24, 0xf2, 0x24, 0xf2, 0x24, 0xf2, 0x24, 0xf2, 0x24, 0xf2, 0x24, 0xf2, 0x24, 
  0xfa, 0x44, 0xfa, 0x44, 0xfa, 0x24, 0xfa, 0x24, 0xfa, 0x24, 0xfa, 0x24, 0xfa, 0x44, 0xfa, 0x44, 0xfa, 0x44, 0xfa, 0x24, 0xfa, 0x24, 0xfa, 0x24, 0xfa, 0x24, 0xfa, 0x24, 0xfa, 0x24, 
  0xfa, 0x44, 0xfa, 0x44, 0xfa, 0x24, 0xfa, 0x24, 0xfa, 0x24, 0xfa, 0x24, 0xfa, 0x44, 0xfa, 0x44, 0xfa, 0x44, 0xfa, 0x24, 0xfa, 0x24, 0xfa, 0x24, 0xfa, 0x24, 0xfa, 0x24, 0xfa, 0x24, 
  0xfa, 0x44, 0xfa, 0x24, 0xfa, 0x24, 0xfa, 0x24, 0xfa, 0x24, 0xfa, 0x24, 0xfa, 0x44, 0xfa, 0x24, 0xfa, 0x24, 0xfa, 0x24, 0xfa, 0x24, 0xfa, 0x24, 0xfa, 0x24, 0xfa, 0x24, 0xfa, 0x24, 
  0xfa, 0x44, 0xfa, 0x24, 0xfa, 0x24, 0xfa, 0x24, 0xfa, 0x24, 0xfa, 0x24, 0xfa, 0x24, 0xfa, 0x24, 0xfa, 0x24, 0xfa, 0x24, 0xfa, 0x24, 0xfa, 0x24, 0xfa, 0x24, 0xfa, 0x24, 0xfa, 0x24, 
  0xfa, 0x44, 0xfa, 0x44, 0xfa, 0x24, 0xfa, 0x24, 0xfa, 0x24, 0xfa, 0x24, 0xfa, 0x24, 0xfa, 0x24, 0xfa, 0x24, 0xfa, 0x24, 0xfa, 0x24, 0xfa, 0x24, 0xfa, 0x24, 0xfa, 0x24, 0xfa, 0x24, 
  0xf2, 0x24, 0xf2, 0x24, 0xf2, 0x24, 0xf2, 0x24, 0xf2, 0x04, 0xf2, 0x04, 0xf2, 0x04, 0xf2, 0x24, 0xf2, 0x24, 0xf2, 0x24, 0xf2, 0x04, 0xf2, 0x04, 0xf2, 0x24, 0xf2, 0x24, 0xf2, 0x24, 
  0xc2, 0x05, 0xc2, 0x05, 0xc2, 0x04, 0xc2, 0x04, 0xc1, 0xe4, 0xc1, 0xe4, 0xc1, 0xe4, 0xc1, 0xe4, 0xc1, 0xe4, 0xc1, 0xe4, 0xc1, 0xe4, 0xc1, 0xe4, 0xca, 0x05, 0xc2, 0x05, 0xc2, 0x05, 
  0x81, 0xc5, 0x81, 0xc5, 0x81, 0xc5, 0x81, 0xc5, 0x81, 0xa5, 0x81, 0xa5, 0x81, 0xa5, 0x81, 0xa5, 0x81, 0xa5, 0x81, 0xa5, 0x81, 0xa5, 0x81, 0xc5, 0x81, 0xc5, 0x81, 0xc5, 0x81, 0xc5, 
  0x69, 0xc5, 0x69, 0xc5, 0x69, 0xc5, 0x69, 0xc5, 0x69, 0xa5, 0x69, 0xa5, 0x69, 0xa5, 0x69, 0xa5, 0x69, 0xa5, 0x69, 0xc5, 0x69, 0xc5, 0x69, 0xc5, 0x69, 0xc5, 0x69, 0xc5, 0x69, 0xc5, 
  0x8a, 0x25, 0x8a, 0x25, 0x8a, 0x25, 0x8a, 0x25, 0x8a, 0x05, 0x8a, 0x05, 0x8a, 0x25, 0x8a, 0x25, 0x8a, 0x25, 0x8a, 0x25, 0x8a, 0x05, 0x8a, 0x05, 0x8a, 0x25, 0x8a, 0x25, 0x8a, 0x25, 
  0xd2, 0xa4, 0xd2, 0xa4, 0xd2, 0xa4, 0xd2, 0xa4, 0xd2, 0xa4, 0xd2, 0xa4, 0xd2, 0xa4, 0xd2, 0xa4, 0xd2, 0xa4, 0xd2, 0xa4, 0xd2, 0xa4, 0xd2, 0xa4, 0xd2, 0xa4, 0xd2, 0xa4, 0xd2, 0xa4, 
  0xfa, 0xe4, 0xfa, 0xe4, 0xfa, 0xe4, 0xfa, 0xe4, 0xfa, 0xe4, 0xfa, 0xe4, 0xfa, 0xe4, 0xfa, 0xe4, 0xfa, 0xe4, 0xfa, 0xe4, 0xfa, 0xe4, 0xfa, 0xe4, 0xfa, 0xe4, 0xfa, 0xe4, 0xfa, 0xe4, 
  0xfb, 0x04, 0xfb, 0x04, 0xfb, 0x04, 0xfa, 0xe4, 0xfa, 0xe4, 0xfa, 0xe4, 0xfa, 0xe4, 0xfa, 0xe4, 0xfa, 0xe4, 0xfa, 0xe4, 0xfa, 0xe4, 0xfa, 0xe4, 0xfb, 0x04, 0xfb, 0x04, 0xfb, 0x04, 
  0xfb, 0x04, 0xfb, 0x04, 0xfa, 0xe4, 0xfa, 0xe4, 0xfa, 0xe4, 0xfa, 0xe3, 0xfa, 0xe3, 0xfa, 0xe4, 0xfa, 0xe4, 0xfb, 0x04, 0xfb, 0x04, 0xfa, 0xe4, 0xfb, 0x04, 0xfb, 0x04, 0xfb, 0x04, 
  0xfb, 0x04, 0xfb, 0x04, 0xfb, 0x04, 0xfa, 0xe4, 0xfa, 0xe4, 0xfa, 0xe4, 0xfa, 0xe4, 0xfa, 0xe4, 0xfa, 0xe4, 0xfb, 0x04, 0xfa, 0xe4, 0xfa, 0xe4, 0xfb, 0x04, 0xfb, 0x04, 0xfb, 0x04, 
  0xfb, 0x04, 0xfb, 0x04, 0xfb, 0x04, 0xfa, 0xe4, 0xfa, 0xe4, 0xfa, 0xe4, 0xfa, 0xe4, 0xfa, 0xe4, 0xfb, 0x04, 0xfa, 0xe4, 0xfa, 0xe4, 0xfa, 0xe4, 0xfb, 0x04, 0xfb, 0x04, 0xfb, 0x04, 
  0xfb, 0x04, 0xfb, 0x04, 0xfa, 0xe4, 0xfa, 0xe4, 0xfa, 0xe4, 0xfa, 0xe4, 0xfa, 0xe4, 0xfa, 0xe4, 0xfa, 0xe4, 0xfa, 0xe4, 0xfa, 0xe4, 0xfa, 0xe4, 0xfa, 0xe4, 0xfa, 0xe4, 0xfa, 0xe4, 
  0xf2, 0xc4, 0xf2, 0xc4, 0xf2, 0xc4, 0xf2, 0xc4, 0xf2, 0xc4, 0xf2, 0xc4, 0xf2, 0xc4, 0xf2, 0xc4, 0xf2, 0xc4, 0xf2, 0xc4, 0xf2, 0xc4, 0xf2, 0xc4, 0xf2, 0xc4, 0xf2, 0xe4, 0xf2, 0xe4, 
  0xca, 0x84, 0xca, 0x84, 0xca, 0x84, 0xca, 0x84, 0xca, 0x84, 0xca, 0x84, 0xca, 0x84, 0xca, 0x84, 0xca, 0x84, 0xca, 0x84, 0xca, 0x84, 0xca, 0x84, 0xca, 0x85, 0xca, 0xa5, 0xca, 0xa5, 
  0x92, 0x25, 0x92, 0x25, 0x92, 0x25, 0x92, 0x25, 0x92, 0x25, 0x92, 0x25, 0x92, 0x25, 0x92, 0x25, 0x92, 0x25, 0x92, 0x25, 0x92, 0x25, 0x92, 0x25, 0x92, 0x25, 0x92, 0x45, 0x9a, 0x45, 
  0x6a, 0x05, 0x6a, 0x05, 0x6a, 0x05, 0x69, 0xe5, 0x69, 0xe5, 0x6a, 0x05, 0x69, 0xe5, 0x69, 0xe5, 0x69, 0xe5, 0x69, 0xe5, 0x6a, 0x05, 0x6a, 0x05, 0x6a, 0x05, 0x6a, 0x05, 0x6a, 0x05, 
  0x82, 0x65, 0x82, 0x65, 0x7a, 0x45, 0x7a, 0x45, 0x82, 0x45, 0x7a, 0x65, 0x7a, 0x65, 0x7a, 0x45, 0x7a, 0x45, 0x82, 0x65, 0x82, 0x65, 0x82, 0x65, 0x82, 0x65, 0x82, 0x65, 0x82, 0x65, 
  0xc3, 0x24, 0xc3, 0x24, 0xc3, 0x24, 0xc3, 0x24, 0xc3, 0x24, 0xc3, 0x24, 0xc3, 0x24, 0xc3, 0x24, 0xc3, 0x24, 0xc3, 0x24, 0xc3, 0x24, 0xc3, 0x24, 0xc3, 0x24, 0xc3, 0x24, 0xc3, 0x24, 
  0xeb, 0xa4, 0xeb, 0xa4, 0xeb, 0xa3, 0xeb, 0xa3, 0xf3, 0xa3, 0xeb, 0xa3, 0xeb, 0xa3, 0xeb, 0xa3, 0xf3, 0xa4, 0xeb, 0xa3, 0xeb, 0xa3, 0xeb, 0xa4, 0xf3, 0xa4, 0xf3, 0xa4, 0xf3, 0xa4, 
  0xfb, 0xe3, 0xfb, 0xe3, 0xfb, 0xc3, 0xfb, 0xc3, 0xfb, 0xc3, 0xfb, 0xc3, 0xfb, 0xe3, 0xfb, 0xc3, 0xfb, 0xc3, 0xfb, 0xe3, 0xfb, 0xe3, 0xfb, 0xe3, 0xfb, 0xe4, 0xfb, 0xe4, 0xfb, 0xe3, 
  0xfb, 0xe3, 0xfb, 0xe3, 0xfb, 0xe3, 0xfb, 0xe3, 0xfb, 0xc3, 0xfb, 0xc3, 0xfb, 0xe3, 0xfb, 0xe3, 0xfb, 0xe3, 0xfb, 0xe3, 0xfb, 0xe3, 0xfb, 0xe3, 0xfb, 0xe3, 0xfb, 0xe4, 0xfb, 0xe3, 
  0xfb, 0xe3, 0xfb, 0xe3, 0xfb, 0xe3, 0xfb, 0xe3, 0xfb, 0xc3, 0xfb, 0xc3, 0xfb, 0xe3, 0xfb, 0xe3, 0xfb, 0xe3, 0xfb, 0xe3, 0xfb, 0xe3, 0xfb, 0xe3, 0xfb, 0xe3, 0xfb, 0xe4, 0xfb, 0xe3, 
  0xfb, 0xe4, 0xfb, 0xe3, 0xfb, 0xe3, 0xfb, 0xc3, 0xfb, 0xc3, 0xfb, 0xc3, 0xfb, 0xc3, 0xfb, 0xc3, 0xfb, 0xc3, 0xfb, 0xe3, 0xfb, 0xe4, 0xfb, 0xe4, 0xfb, 0xe4, 0xfb, 0xe3, 0xfb, 0xe3, 
  0xfb, 0xe4, 0xfb, 0xe3, 0xfb, 0xc3, 0xfb, 0xc3, 0xfb, 0xc3, 0xfb, 0xc3, 0xfb, 0xc3, 0xfb, 0xc3, 0xfb, 0xc3, 0xfb, 0xc3, 0xfb, 0xc3, 0xfb, 0xc3, 0xfb, 0xc4, 0xfb, 0xc4, 0xfb, 0xe4, 
  0xfb, 0xc3, 0xfb, 0xc3, 0xfb, 0xc3, 0xfb, 0xc3, 0xfb, 0xa3, 0xfb, 0xa3, 0xfb, 0xc3, 0xfb, 0xc3, 0xfb, 0xc3, 0xfb, 0xc3, 0xfb, 0xc3, 0xfb, 0xc3, 0xfb, 0xc3, 0xfb, 0xc3, 0xfb, 0xc4, 
  0xeb, 0xa4, 0xeb, 0x84, 0xeb, 0x83, 0xeb, 0x83, 0xeb, 0x83, 0xeb, 0x83, 0xeb, 0x83, 0xeb, 0x83, 0xeb, 0x84, 0xeb, 0x83, 0xeb, 0x83, 0xeb, 0x83, 0xeb, 0xa4, 0xeb, 0xa4, 0xeb, 0xa4, 
  0x92, 0x85, 0x92, 0x85, 0x8a, 0x85, 0x8a, 0x85, 0x8a, 0x65, 0x8a, 0x64, 0x8a, 0x64, 0x8a, 0x85, 0x92, 0x85, 0x92, 0x85, 0x92, 0x85, 0x92, 0x85, 0x92, 0x85, 0x92, 0x85, 0x92, 0x85, 
  0x49, 0xc5, 0x49, 0xc5, 0x49, 0xc5, 0x49, 0xc5, 0x49, 0xc5, 0x49, 0xc5, 0x49, 0xc5, 0x49, 0xc5, 0x49, 0xc5, 0x49, 0xc5, 0x49, 0xc5, 0x49, 0xc5, 0x49, 0xc5, 0x49, 0xc6, 0x49, 0xe6, 
  0x72, 0x85, 0x72, 0x85, 0x72, 0x85, 0x72, 0x85, 0x72, 0x85, 0x72, 0x85, 0x72, 0x85, 0x72, 0x85, 0x72, 0x85, 0x72, 0x85, 0x72, 0x85, 0x72, 0x85, 0x72, 0x85, 0x72, 0x85, 0x72, 0x85, 
  0xcc, 0x03, 0xcc, 0x03, 0xcc, 0x03, 0xcb, 0xe3, 0xcb, 0xe3, 0xcb, 0xe3, 0xcb, 0xe3, 0xcb, 0xe3, 0xcb, 0xe3, 0xcb, 0xe3, 0xcb, 0xe3, 0xcb, 0xe3, 0xcb, 0xe3, 0xcb, 0xe3, 0xcb, 0xe3, 
  0xfc, 0xc2, 0xfc, 0xc2, 0xfc, 0xc2, 0xfc, 0xc2, 0xfc, 0xc2, 0xfc, 0xc2, 0xfc, 0xc2, 0xfc, 0xc2, 0xfc, 0xc2, 0xfc, 0xc2, 0xfc, 0xc2, 0xfc, 0xa2, 0xfc, 0xc2, 0xfc, 0xc2, 0xfc, 0xc3, 
  0xfc, 0xe2, 0xfc, 0xe2, 0xfc, 0xe2, 0xfc, 0xe2, 0xfc, 0xe2, 0xfc, 0xe2, 0xfc, 0xe2, 0xfc, 0xe2, 0xfc, 0xe2, 0xfc, 0xe2, 0xfc, 0xe2, 0xfc, 0xc2, 0xfc, 0xe2, 0xfc, 0xe2, 0xfc, 0xe3, 
  0xfc, 0xe2, 0xfc, 0xe2, 0xfc, 0xe2, 0xfc, 0xe2, 0xfc, 0xe2, 0xfc, 0xe2, 0xfc, 0xe2, 0xfc, 0xe2, 0xfc, 0xe2, 0xfc, 0xe2, 0xfc, 0xe2, 0xfc, 0xe2, 0xfc, 0xe2, 0xfc, 0xe2, 0xfc, 0xe2, 
  0xfc, 0xe2, 0xfc, 0xe2, 0xfc, 0xe2, 0xfc, 0xe2, 0xfc, 0xe2, 0xfc, 0xe2, 0xfc, 0xe2, 0xfc, 0xe2, 0xfc, 0xe2, 0xfc, 0xe2, 0xfc, 0xe2, 0xfc, 0xe2, 0xfc, 0xe2, 0xfc, 0xe2, 0xfc, 0xe2, 
  0xfd, 0x02, 0xfc, 0xe2, 0xfc, 0xe2, 0xfc, 0xe2, 0xfc, 0xe2, 0xfc, 0xe2, 0xfc, 0xe2, 0xfc, 0xe2, 0xfc, 0xe2, 0xfc, 0xe2, 0xfc, 0xe2, 0xfc, 0xe2, 0xfc, 0xe2, 0xfc, 0xe2, 0xfc, 0xe2, 
  0xfd, 0x02, 0xfc, 0xe2, 0xfc, 0xe2, 0xfc, 0xe2, 0xfc, 0xe2, 0xfc, 0xe2, 0xfc, 0xe2, 0xfc, 0xe2, 0xfc, 0xe2, 0xfc, 0xe2, 0xfc, 0xe2, 0xfc, 0xe2, 0xfc, 0xe2, 0xfc, 0xe2, 0xfc, 0xe3, 
  0xfc, 0xe2, 0xfc, 0xe2, 0xfc, 0xe2, 0xfc, 0xc2, 0xfc, 0xc2, 0xfc, 0xc2, 0xfc, 0xc2, 0xfc, 0xc2, 0xfc, 0xc2, 0xfc, 0xc2, 0xfc, 0xc2, 0xfc, 0xc2, 0xfc, 0xe2, 0xfc, 0xe2, 0xfc, 0xe3, 
  0xe4, 0x63, 0xe4, 0x63, 0xe4, 0x63, 0xe4, 0x43, 0xe4, 0x43, 0xe4, 0x43, 0xe4, 0x43, 0xe4, 0x43, 0xe4, 0x43, 0xe4, 0x43, 0xe4, 0x43, 0xe4, 0x43, 0xe4, 0x63, 0xe4, 0x63, 0xe4, 0x63, 
  0xa3, 0x44, 0x9b, 0x44, 0x9b, 0x44, 0x9b, 0x44, 0x9b, 0x44, 0x9b, 0x44, 0x9b, 0x24, 0x9b, 0x24, 0x9b, 0x24, 0x9b, 0x44, 0x9b, 0x44, 0xa3, 0x44, 0xa3, 0x44, 0xa3, 0x44, 0xa3, 0x44, 
  0x6a, 0x85, 0x6a, 0x65, 0x6a, 0x65, 0x6a, 0x65, 0x6a, 0x65, 0x6a, 0x65, 0x6a, 0x65, 0x6a, 0x65, 0x6a, 0x65, 0x6a, 0x65, 0x6a, 0x65, 0x6a, 0x65, 0x6a, 0x85, 0x6a, 0x85, 0x6a, 0x85, 
  0x7b, 0x05, 0x7a, 0xe4, 0x7a, 0xe4, 0x7a, 0xe4, 0x7a, 0xe4, 0x7a, 0xe4, 0x7a, 0xe4, 0x7a, 0xe4, 0x7a, 0xe4, 0x7a, 0xe4, 0x7a, 0xe4, 0x7a, 0xe4, 0x7a, 0xe4, 0x7b, 0x04, 0x7b, 0x05, 
  0xb4, 0x43, 0xb4, 0x43, 0xb4, 0x23, 0xb4, 0x23, 0xb4, 0x23, 0xb4, 0x23, 0xb4, 0x23, 0xb4, 0x43, 0xb4, 0x43, 0xb4, 0x43, 0xb4, 0x43, 0xb4, 0x43, 0xb4, 0x43, 0xb4, 0x43, 0xb4, 0x43, 
  0xed, 0x62, 0xed, 0x62, 0xed, 0x62, 0xed, 0x61, 0xed, 0x61, 0xed, 0x61, 0xed, 0x61, 0xed, 0x61, 0xed, 0x61, 0xed, 0x61, 0xed, 0x62, 0xed, 0x62, 0xed, 0x62, 0xed, 0x62, 0xed, 0x62, 
  0xfd, 0xe1, 0xfd, 0xc1, 0xfd, 0xc1, 0xfd, 0xc1, 0xfd, 0xc1, 0xfd, 0xc1, 0xfd, 0xe1, 0xfd, 0xe1, 0xfd, 0xe1, 0xfd, 0xe1, 0xfd, 0xc1, 0xfd, 0xc1, 0xfd, 0xe1, 0xfd, 0xe1, 0xfd, 0xe1, 
  0xfd, 0xe1, 0xfd, 0xe1, 0xfd, 0xe1, 0xfd, 0xe1, 0xfd, 0xe1, 0xfd, 0xe0, 0xfd, 0xe0, 0xfd, 0xe1, 0xfd, 0xe1, 0xfd, 0xe1, 0xfd, 0xe1, 0xfd, 0xe1, 0xfd, 0xe1, 0xfd, 0xe1, 0xfe, 0x01, 
  0xfe, 0x01, 0xfd, 0xe1, 0xfd, 0xe1, 0xfd, 0xe0, 0xfd, 0xe0, 0xfd, 0xe0, 0xfd, 0xe0, 0xfd, 0xe1, 0xfd, 0xe1, 0xfd, 0xe1, 0xfd, 0xe1, 0xfd, 0xe1, 0xfd, 0xe1, 0xfd, 0xe1, 0xfe, 0x01, 
  0xfd, 0xe1, 0xfd, 0xe1, 0xfd, 0xe1, 0xfd, 0xe1, 0xfd, 0xe1, 0xfd, 0xe1, 0xfd, 0xe1, 0xfd, 0xe1, 0xfd, 0xe1, 0xfd, 0xe1, 0xfd, 0xe1, 0xfd, 0xe1, 0xfd, 0xe1, 0xfd, 0xe1, 0xfe, 0x01, 
  0xfd, 0xe1, 0xfd, 0xe1, 0xfd, 0xe1, 0xfd, 0xe1, 0xfd, 0xe1, 0xfd, 0xe1, 0xfd, 0xe1, 0xfd, 0xe1, 0xfd, 0xe1, 0xfd, 0xe1, 0xfd, 0xe1, 0xfd, 0xe1, 0xfd, 0xe1, 0xfd, 0xe1, 0xfe, 0x01, 
  0xfd, 0xe1, 0xfd, 0xc1, 0xfd, 0xc1, 0xfd, 0xc1, 0xfd, 0xc1, 0xfd, 0xc1, 0xfd, 0xe1, 0xfd, 0xe1, 0xfd, 0xc1, 0xfd, 0xc1, 0xfd, 0xe1, 0xfd, 0xe1, 0xfd, 0xe1, 0xfd, 0xe1, 0xfd, 0xe1, 
  0xed, 0x62, 0xed, 0x62, 0xed, 0x62, 0xed, 0x62, 0xed, 0x62, 0xed, 0x62, 0xed, 0x62, 0xed, 0x62, 0xed, 0x62, 0xed, 0x62, 0xed, 0x62, 0xed, 0x62, 0xed, 0x62, 0xed, 0x82, 0xed, 0x82, 
  0xb4, 0x43, 0xb4, 0x23, 0xb4, 0x23, 0xb4, 0x23, 0xb4, 0x23, 0xb4, 0x23, 0xb4, 0x23, 0xb4, 0x23, 0xb4, 0x23, 0xb4, 0x23, 0xb4, 0x23, 0xb4, 0x23, 0xb4, 0x23, 0xb4, 0x43, 0xb4, 0x43, 
  0x5a, 0x65, 0x5a, 0x65, 0x5a, 0x45, 0x5a, 0x45, 0x5a, 0x45, 0x5a, 0x45, 0x5a, 0x45, 0x5a, 0x65, 0x5a, 0x45, 0x5a, 0x45, 0x5a, 0x45, 0x5a, 0x45, 0x5a, 0x45, 0x5a, 0x65, 0x5a, 0x65, 
  0x62, 0xa5, 0x62, 0xa5, 0x62, 0xa5, 0x62, 0xa4, 0x62, 0xa4, 0x62, 0xa4, 0x62, 0xa5, 0x62, 0xa5, 0x62, 0xa5, 0x62, 0xa5, 0x62, 0xa5, 0x62, 0xa5, 0x62, 0xa5, 0x62, 0xa5, 0x62, 0xa5, 
  0xbd, 0x03, 0xbd, 0x03, 0xbd, 0x02, 0xbd, 0x02, 0xbd, 0x02, 0xbd, 0x02, 0xbd, 0x02, 0xbd, 0x02, 0xbd, 0x02, 0xbd, 0x02, 0xbd, 0x02, 0xbd, 0x02, 0xbd, 0x02, 0xbd, 0x03, 0xbd, 0x03, 
  0xf6, 0x81, 0xf6, 0x81, 0xf6, 0x61, 0xf6, 0x61, 0xf6, 0x61, 0xf6, 0x81, 0xf6, 0x81, 0xf6, 0x81, 0xf6, 0x81, 0xf6, 0x81, 0xf6, 0x61, 0xf6, 0x61, 0xf6, 0x61, 0xf6, 0x81, 0xf6, 0x81, 
  0xfe, 0xe0, 0xfe, 0xc0, 0xfe, 0xc0, 0xfe, 0xc0, 0xfe, 0xc0, 0xfe, 0xc0, 0xfe, 0xc0, 0xfe, 0xc0, 0xfe, 0xc0, 0xfe, 0xc0, 0xfe, 0xc0, 0xfe, 0xc0, 0xfe, 0xc0, 0xfe, 0xc0, 0xfe, 0xc0, 
  0xfe, 0xe0, 0xfe, 0xe0, 0xfe, 0xe0, 0xfe, 0xe0, 0xfe, 0xe0, 0xfe, 0xe0, 0xfe, 0xe0, 0xfe, 0xe0, 0xfe, 0xe0, 0xfe, 0xe0, 0xfe, 0xe0, 0xfe, 0xe0, 0xfe, 0xe0, 0xfe, 0xe0, 0xfe, 0xe0, 
  0xfe, 0xe0, 0xfe, 0xe0, 0xfe, 0xe0, 0xfe, 0xe0, 0xfe, 0xe0, 0xfe, 0xe0, 0xfe, 0xe0, 0xfe, 0xe0, 0xfe, 0xe0, 0xfe, 0xe0, 0xfe, 0xe0, 0xfe, 0xe0, 0xfe, 0xe0, 0xfe, 0xe0, 0xfe, 0xe0, 
  0xfe, 0xe0, 0xfe, 0xe0, 0xfe, 0xe0, 0xfe, 0xe0, 0xfe, 0xe0, 0xfe, 0xe0, 0xfe, 0xe0, 0xfe, 0xe0, 0xfe, 0xe0, 0xfe, 0xe0, 0xfe, 0xe0, 0xfe, 0xe0, 0xfe, 0xe0, 0xfe, 0xe0, 0xfe, 0xe0, 
  0xfe, 0xe0, 0xfe, 0xc0, 0xfe, 0xe0, 0xfe, 0xe0, 0xfe, 0xe0, 0xfe, 0xe0, 0xfe, 0xe0, 0xfe, 0xe0, 0xfe, 0xe0, 0xfe, 0xe0, 0xfe, 0xe0, 0xfe, 0xe0, 0xfe, 0xe0, 0xfe, 0xe0, 0xff, 0x00, 
  0xfe, 0xc0, 0xfe, 0xc0, 0xfe, 0xc0, 0xfe, 0xc0, 0xfe, 0xc0, 0xfe, 0xc0, 0xfe, 0xc0, 0xfe, 0xc0, 0xfe, 0xc0, 0xfe, 0xc0, 0xfe, 0xc0, 0xfe, 0xc0, 0xfe, 0xc0, 0xfe, 0xc0, 0xfe, 0xe0, 
  0xe6, 0x21, 0xe6, 0x21, 0xe6, 0x21, 0xe6, 0x21, 0xe6, 0x21, 0xe6, 0x21, 0xe6, 0x21, 0xe6, 0x21, 0xe6, 0x21, 0xe6, 0x21, 0xe6, 0x21, 0xe6, 0x21, 0xe6, 0x21, 0xe6, 0x21, 0xe6, 0x41, 
  0xac, 0xa3, 0xac, 0x83, 0xac, 0x83, 0xac, 0x83, 0xac, 0xa3, 0xac, 0xa3, 0xac, 0xa3, 0xac, 0xa3, 0xac, 0x83, 0xac, 0x83, 0xac, 0x83, 0xac, 0x83, 0xac, 0xa3, 0xac, 0xa3, 0xac, 0xa3, 
  0x73, 0x24, 0x73, 0x24, 0x73, 0x24, 0x73, 0x24, 0x73, 0x24, 0x73, 0x24, 0x73, 0x24, 0x73, 0x24, 0x73, 0x24, 0x73, 0x24, 0x73, 0x24, 0x73, 0x24, 0x73, 0x24, 0x73, 0x24, 0x73, 0x44, 
  0x73, 0x64, 0x73, 0x44, 0x73, 0x44, 0x73, 0x44, 0x73, 0x44, 0x73, 0x44, 0x73, 0x44, 0x73, 0x44, 0x73, 0x44, 0x73, 0x44, 0x73, 0x44, 0x73, 0x44, 0x73, 0x44, 0x73, 0x65, 0x73, 0x65, 
  0x9c, 0xc3, 0x9c, 0xc3, 0x9c, 0xc3, 0x9c, 0xc3, 0x9c, 0xc3, 0x9c, 0xc3, 0x9c, 0xc3, 0x9c, 0xc3, 0x9c, 0xc3, 0x9c, 0xc3, 0x9c, 0xc3, 0x9c, 0xc3, 0x9c, 0xc3, 0x9c, 0xc3, 0xa4, 0xc4, 
  0xce, 0x22, 0xce, 0x22, 0xce, 0x22, 0xce, 0x22, 0xce, 0x22, 0xce, 0x22, 0xce, 0x22, 0xce, 0x22, 0xce, 0x22, 0xce, 0x22, 0xce, 0x22, 0xce, 0x22, 0xce, 0x22, 0xce, 0x22, 0xce, 0x22, 
  0xef, 0x01, 0xe7, 0x01, 0xe7, 0x01, 0xe7, 0x01, 0xe7, 0x01, 0xe7, 0x01, 0xe7, 0x01, 0xe7, 0x01, 0xe7, 0x01, 0xe6, 0xe1, 0xe6, 0xe1, 0xe7, 0x01, 0xe7, 0x01, 0xe7, 0x01, 0xe7, 0x01, 
  0xf7, 0x41, 0xef, 0x40, 0xef, 0x40, 0xef, 0x40, 0xef, 0x40, 0xef, 0x41, 0xef, 0x41, 0xef, 0x41, 0xef, 0x41, 0xef, 0x21, 0xef, 0x21, 0xef, 0x41, 0xef, 0x41, 0xef, 0x41, 0xef, 0x41, 
  0xf7, 0x60, 0xf7, 0x40, 0xef, 0x40, 0xef, 0x40, 0xef, 0x41, 0xef, 0x41, 0xef, 0x41, 0xef, 0x41, 0xef, 0x41, 0xef, 0x41, 0xef, 0x41, 0xef, 0x41, 0xef, 0x41, 0xef, 0x41, 0xef, 0x41, 
  0xf7, 0x60, 0xf7, 0x40, 0xef, 0x40, 0xef, 0x40, 0xef, 0x41, 0xef, 0x41, 0xef, 0x41, 0xef, 0x41, 0xef, 0x41, 0xef, 0x41, 0xef, 0x41, 0xef, 0x41, 0xef, 0x41, 0xf7, 0x41, 0xf7, 0x41, 
  0xf7, 0x61, 0xf7, 0x40, 0xef, 0x40, 0xef, 0x40, 0xef, 0x41, 0xef, 0x40, 0xef, 0x40, 0xef, 0x41, 0xef, 0x41, 0xef, 0x41, 0xef, 0x41, 0xef, 0x41, 0xef, 0x41, 0xf7, 0x41, 0xf7, 0x61, 
  0xef, 0x41, 0xef, 0x21, 0xef, 0x21, 0xef, 0x21, 0xef, 0x21, 0xef, 0x20, 0xef, 0x20, 0xef, 0x21, 0xef, 0x21, 0xef, 0x21, 0xef, 0x41, 0xef, 0x41, 0xef, 0x41, 0xef, 0x41, 0xef, 0x41, 
  0xde, 0xc1, 0xde, 0xa1, 0xde, 0xa1, 0xde, 0xa1, 0xde, 0xa1, 0xde, 0xa1, 0xde, 0xa1, 0xde, 0xa1, 0xde, 0xa1, 0xde, 0xa1, 0xde, 0xc1, 0xde, 0xc1, 0xde, 0xc1, 0xde, 0xc2, 0xde, 0xc2, 
  0xad, 0x23, 0xad, 0x23, 0xad, 0x23, 0xad, 0x23, 0xad, 0x23, 0xad, 0x23, 0xad, 0x23, 0xa5, 0x23, 0xa5, 0x23, 0xad, 0x23, 0xad, 0x23, 0xad, 0x23, 0xad, 0x23, 0xad, 0x23, 0xad, 0x23, 
  0x6b, 0x64, 0x6b, 0x44, 0x6b, 0x44, 0x6b, 0x44, 0x6b, 0x44, 0x6b, 0x44, 0x6b, 0x44, 0x6b, 0x44, 0x6b, 0x44, 0x6b, 0x44, 0x6b, 0x44, 0x6b, 0x44, 0x6b, 0x44, 0x6b, 0x64, 0x6b, 0x65, 
  0x5a, 0xe5, 0x5a, 0xc5, 0x5a, 0xc5, 0x5a, 0xc5, 0x5a, 0xc5, 0x5a, 0xc5, 0x5a, 0xc5, 0x5a, 0xc5, 0x5a, 0xc5, 0x5a, 0xc5, 0x5a, 0xc5, 0x5a, 0xc5, 0x5a, 0xc5, 0x5a, 0xe5, 0x5a, 0xe5, 
  0x84, 0x45, 0x7c, 0x44, 0x7c, 0x44, 0x7c, 0x44, 0x7c, 0x44, 0x7c, 0x44, 0x7c, 0x44, 0x7c, 0x44, 0x7c, 0x44, 0x7c, 0x44, 0x7c, 0x44, 0x7c, 0x44, 0x7c, 0x44, 0x84, 0x44, 0x84, 0x65, 
  0xbe, 0x63, 0xb6, 0x43, 0xb6, 0x43, 0xb6, 0x43, 0xb6, 0x43, 0xb6, 0x43, 0xb6, 0x43, 0xb6, 0x43, 0xb6, 0x43, 0xb6, 0x43, 0xb6, 0x63, 0xb6, 0x63, 0xb6, 0x63, 0xb6, 0x63, 0xb6, 0x64, 
  0xcf, 0x23, 0xcf, 0x03, 0xcf, 0x02, 0xcf, 0x02, 0xc7, 0x02, 0xc7, 0x02, 0xc7, 0x02, 0xc7, 0x03, 0xcf, 0x02, 0xcf, 0x22, 0xcf, 0x22, 0xcf, 0x23, 0xcf, 0x23, 0xcf, 0x23, 0xcf, 0x23, 
  0xcf, 0x22, 0xcf, 0x22, 0xcf, 0x22, 0xcf, 0x22, 0xc7, 0x22, 0xc7, 0x22, 0xc7, 0x22, 0xcf, 0x22, 0xcf, 0x22, 0xcf, 0x22, 0xcf, 0x22, 0xcf, 0x22, 0xcf, 0x23, 0xcf, 0x23, 0xcf, 0x23, 
  0xcf, 0x23, 0xcf, 0x22, 0xcf, 0x22, 0xcf, 0x22, 0xcf, 0x22, 0xc7, 0x22, 0xcf, 0x22, 0xcf, 0x22, 0xcf, 0x22, 0xcf, 0x22, 0xcf, 0x42, 0xcf, 0x42, 0xcf, 0x42, 0xcf, 0x43, 0xcf, 0x43, 
  0xcf, 0x23, 0xcf, 0x22, 0xcf, 0x22, 0xcf, 0x22, 0xc7, 0x22, 0xc7, 0x22, 0xc7, 0x22, 0xc7, 0x22, 0xcf, 0x22, 0xcf, 0x22, 0xcf, 0x22, 0xcf, 0x42, 0xcf, 0x42, 0xcf, 0x43, 0xcf, 0x43, 
  0xcf, 0x23, 0xcf, 0x22, 0xcf, 0x22, 0xcf, 0x22, 0xcf, 0x22, 0xcf, 0x22, 0xcf, 0x22, 0xcf, 0x22, 0xcf, 0x22, 0xcf, 0x22, 0xc7, 0x22, 0xcf, 0x22, 0xcf, 0x23, 0xcf, 0x23, 0xcf, 0x43, 
  0xc7, 0x23, 0xc7, 0x03, 0xc7, 0x02, 0xc7, 0x02, 0xc7, 0x02, 0xc7, 0x02, 0xc7, 0x02, 0xc7, 0x02, 0xc7, 0x02, 0xc7, 0x02, 0xc7, 0x02, 0xc7, 0x03, 0xc7, 0x03, 0xc7, 0x03, 0xc7, 0x23, 
  0xb6, 0x83, 0xb6, 0x83, 0xb6, 0x63, 0xb6, 0x63, 0xb6, 0x63, 0xb6, 0x62, 0xb6, 0x63, 0xb6, 0x63, 0xb6, 0x63, 0xb6, 0x63, 0xb6, 0x63, 0xb6, 0x83, 0xb6, 0x83, 0xbe, 0x83, 0xbe, 0x83, 
  0x95, 0x04, 0x8d, 0x04, 0x8d, 0x04, 0x95, 0x04, 0x95, 0x04, 0x95, 0x04, 0x95, 0x04, 0x95, 0x04, 0x95, 0x04, 0x95, 0x04, 0x95, 0x04, 0x95, 0x04, 0x95, 0x04, 0x95, 0x04, 0x95, 0x24, 
  0x63, 0x65, 0x63, 0x65, 0x63, 0x45, 0x63, 0x45, 0x63, 0x45, 0x63, 0x45, 0x63, 0x45, 0x63, 0x45, 0x63, 0x45, 0x63, 0x45, 0x63, 0x45, 0x63, 0x65, 0x63, 0x65, 0x63, 0x65, 0x63, 0x65, 
  0x52, 0xc6, 0x52, 0xc5, 0x52, 0xc5, 0x52, 0xc5, 0x52, 0xc5, 0x52, 0xc5, 0x52, 0xc5, 0x52, 0xc5, 0x52, 0xc5, 0x52, 0xc5, 0x52, 0xc5, 0x52, 0xc5, 0x52, 0xc6, 0x52, 0xc6, 0x52, 0xe6, 
  0x6c, 0x65, 0x6c, 0x45, 0x6c, 0x45, 0x6c, 0x45, 0x6c, 0x45, 0x6c, 0x45, 0x6c, 0x45, 0x6c, 0x45, 0x6c, 0x45, 0x6c, 0x45, 0x6c, 0x45, 0x6c, 0x45, 0x6c, 0x65, 0x6c, 0x65, 0x6c, 0x65, 
  0x96, 0x24, 0x96, 0x24, 0x8e, 0x24, 0x8e, 0x24, 0x8e, 0x04, 0x8e, 0x24, 0x96, 0x24, 0x96, 0x24, 0x96, 0x24, 0x96, 0x24, 0x96, 0x24, 0x96, 0x24, 0x96, 0x44, 0x96, 0x44, 0x96, 0x44, 
  0x9e, 0xc4, 0x9e, 0xc3, 0x9e, 0xc3, 0x9e, 0xc3, 0x9e, 0xc3, 0x9e, 0xc3, 0x9e, 0xc3, 0x9e, 0xc3, 0x9e, 0xc3, 0x9e, 0xc3, 0x9e, 0xc3, 0x9e, 0xc3, 0x9e, 0xe4, 0x9e, 0xe4, 0x9e, 0xe4, 
  0x9e, 0xe4, 0x9e, 0xe3, 0x9e, 0xe3, 0x9e, 0xe3, 0x9e, 0xe3, 0x9e, 0xe3, 0x9e, 0xe3, 0x9e, 0xe3, 0x9e, 0xe3, 0x9e, 0xe3, 0x9e, 0xe3, 0x9e, 0xe3, 0x9e, 0xe4, 0xa7, 0x04, 0xa7, 0x04, 
  0xa6, 0xe4, 0x9e, 0xe3, 0x9e, 0xe3, 0x9e, 0xe3, 0x9e, 0xe3, 0x9e, 0xe3, 0x9e, 0xe3, 0x9e, 0xe3, 0x9f, 0x03, 0x9f, 0x03, 0x9f, 0x03, 0xa6, 0xe3, 0xa6, 0xe4, 0xa7, 0x04, 0xa7, 0x04, 
  0xa7, 0x04, 0x9e, 0xe3, 0x9e, 0xe3, 0x9e, 0xe3, 0x9e, 0xe3, 0x9e, 0xe3, 0x9e, 0xe3, 0x9e, 0xe3, 0x9f, 0x03, 0x9f, 0x03, 0x9e, 0xe3, 0x9e, 0xe3, 0xa6, 0xe3, 0xa6, 0xe4, 0xa6, 0xe4, 
  0xa7, 0x04, 0x9f, 0x03, 0x9e, 0xe3, 0x9e, 0xe3, 0x9f, 0x03, 0x9f, 0x03, 0x9f, 0x03, 0x9f, 0x03, 0x9f, 0x03, 0x9f, 0x03, 0x9f, 0x03, 0x9f, 0x03, 0x9e, 0xe3, 0xa6, 0xe4, 0xa6, 0xe4, 
  0x9f, 0x04, 0x9f, 0x04, 0x9e, 0xe3, 0x9e, 0xe3, 0x9e, 0xe3, 0x9e, 0xe3, 0x9e, 0xe3, 0x9e, 0xe3, 0x9e, 0xe3, 0x9e, 0xe3, 0x9e, 0xe3, 0x9e, 0xe3, 0x9e, 0xe3, 0x9e, 0xe4, 0x9e, 0xe4, 
  0x9e, 0xc4, 0x9e, 0xc4, 0x9e, 0xc4, 0x9e, 0xa4, 0x9e, 0xa4, 0x96, 0xa4, 0x96, 0xa3, 0x96, 0xa3, 0x9e, 0xa3, 0x9e, 0xc4, 0x9e, 0xa4, 0x9e, 0xa4, 0x9e, 0xa4, 0x9e, 0xa4, 0x9e, 0xc4, 
  0x85, 0x64, 0x85, 0x64, 0x7d, 0x64, 0x7d, 0x44, 0x7d, 0x44, 0x7d, 0x44, 0x7d, 0x44, 0x7d, 0x44, 0x85, 0x64, 0x85, 0x64, 0x85, 0x64, 0x85, 0x44, 0x85, 0x65, 0x85, 0x65, 0x85, 0x65, 
  0x42, 0x46, 0x42, 0x26, 0x42, 0x25, 0x3a, 0x25, 0x3a, 0x25, 0x42, 0x25, 0x42, 0x26, 0x42, 0x25, 0x42, 0x25, 0x42, 0x26, 0x42, 0x26, 0x42, 0x26, 0x42, 0x26, 0x42, 0x26, 0x42, 0x46, 
  0x42, 0x86, 0x42, 0x86, 0x42, 0x66, 0x42, 0x65, 0x42, 0x65, 0x42, 0x65, 0x42, 0x66, 0x42, 0x86, 0x42, 0x86, 0x42, 0x86, 0x42, 0x86, 0x42, 0x86, 0x42, 0x86, 0x42, 0x86, 0x42, 0x86, 
  0x64, 0xc5, 0x5c, 0xa5, 0x5c, 0xa5, 0x5c, 0xa5, 0x5c, 0xa5, 0x5c, 0xa5, 0x5c, 0xa5, 0x5c, 0xa5, 0x64, 0xa5, 0x64, 0xa5, 0x64, 0xa5, 0x5c, 0xa5, 0x5c, 0xa5, 0x64, 0xc6, 0x64, 0xc6, 
  0x76, 0x25, 0x76, 0x25, 0x6e, 0x05, 0x6e, 0x04, 0x6e, 0x04, 0x6e, 0x04, 0x6e, 0x05, 0x76, 0x25, 0x76, 0x25, 0x76, 0x25, 0x76, 0x25, 0x76, 0x25, 0x76, 0x25, 0x76, 0x25, 0x76, 0x25, 
  0x7e, 0xa5, 0x76, 0xa4, 0x76, 0xa4, 0x76, 0xa4, 0x76, 0xa4, 0x76, 0xa4, 0x76, 0xa4, 0x76, 0xa4, 0x76, 0xa4, 0x76, 0xa4, 0x76, 0xa4, 0x76, 0xa4, 0x76, 0xa5, 0x76, 0xa5, 0x7e, 0xa5, 
  0x76, 0xc4, 0x76, 0xa4, 0x76, 0xa4, 0x76, 0xa4, 0x76, 0xa4, 0x76, 0xa4, 0x76, 0xa4, 0x76, 0xa4, 0x76, 0xa4, 0x76, 0xc4, 0x76, 0xc4, 0x76, 0xa4, 0x76, 0xa5, 0x76, 0xc5, 0x7e, 0xc5, 
  0x76, 0xc4, 0x76, 0xc4, 0x76, 0xa4, 0x76, 0xa4, 0x76, 0xa4, 0x76, 0xa4, 0x76, 0xa4, 0x76, 0xa4, 0x76, 0xc4, 0x76, 0xc4, 0x76, 0xc4, 0x76, 0xc5, 0x76, 0xc5, 0x76, 0xc5, 0x7e, 0xc5, 
  0x76, 0xc4, 0x76, 0xc4, 0x76, 0xc4, 0x76, 0xa4, 0x76, 0xa4, 0x76, 0xa4, 0x76, 0xa4, 0x76, 0xa4, 0x76, 0xa4, 0x76, 0xc4, 0x76, 0xc4, 0x76, 0xc5, 0x76, 0xc5, 0x76, 0xc5, 0x7e, 0xc5, 
  0x76, 0xc4, 0x76, 0xc4, 0x76, 0xc4, 0x76, 0xc4, 0x76, 0xc4, 0x76, 0xc4, 0x76, 0xc4, 0x76, 0xa4, 0x76, 0xc4, 0x76, 0xc4, 0x76, 0xc4, 0x76, 0xa5, 0x76, 0xa5, 0x76, 0xc5, 0x76, 0xe5, 
  0x76, 0x84, 0x76, 0xa4, 0x6e, 0xa4, 0x6e, 0xa4, 0x6e, 0x84, 0x6e, 0x84, 0x76, 0xa4, 0x76, 0xa5, 0x76, 0x84, 0x76, 0x84, 0x76, 0x84, 0x76, 0x85, 0x76, 0x85, 0x76, 0xa5, 0x76, 0xa5, 
  0x6d, 0xc5, 0x65, 0xc4, 0x65, 0xc4, 0x65, 0xc4, 0x65, 0xc4, 0x65, 0xc4, 0x65, 0xc5, 0x6d, 0xc5, 0x6d, 0xc5, 0x6d, 0xc5, 0x6d, 0xc5, 0x6d, 0xc5, 0x6d, 0xc5, 0x6d, 0xe5, 0x6d, 0xe5, 
  0x54, 0x45, 0x54, 0x45, 0x54, 0x45, 0x54, 0x45, 0x54, 0x25, 0x54, 0x25, 0x54, 0x45, 0x54, 0x45, 0x54, 0x25, 0x54, 0x25, 0x54, 0x45, 0x54, 0x45, 0x54, 0x45, 0x5c, 0x46, 0x5c, 0x46, 
  0x42, 0xe6, 0x42, 0xe6, 0x42, 0xe5, 0x42, 0xe5, 0x42, 0xe5, 0x42, 0xe5, 0x42, 0xe5, 0x42, 0xe5, 0x42, 0xe5, 0x42, 0xe5, 0x42, 0xe5, 0x42, 0xe6, 0x42, 0xe6, 0x42, 0xe6, 0x42, 0xe6, 
  0x43, 0x46, 0x43, 0x26, 0x43, 0x25, 0x43, 0x25, 0x43, 0x25, 0x43, 0x25, 0x43, 0x26, 0x43, 0x26, 0x43, 0x26, 0x43, 0x26, 0x43, 0x26, 0x43, 0x26, 0x43, 0x26, 0x43, 0x26, 0x43, 0x26, 
  0x4c, 0xa6, 0x4c, 0xa5, 0x44, 0x85, 0x44, 0x85, 0x44, 0xa5, 0x44, 0x85, 0x44, 0x85, 0x4c, 0x85, 0x44, 0x85, 0x44, 0x85, 0x44, 0x86, 0x44, 0x86, 0x4c, 0xa6, 0x4c, 0xa6, 0x4c, 0xa6, 
  0x56, 0x05, 0x4d, 0xe5, 0x4d, 0xe5, 0x4d, 0xe5, 0x4d, 0xe5, 0x4d, 0xe5, 0x4d, 0xe5, 0x4d, 0xe5, 0x4d, 0xe5, 0x4d, 0xe5, 0x4d, 0xe5, 0x4d, 0xe6, 0x56, 0x06, 0x56, 0x06, 0x56, 0x06, 
  0x56, 0x85, 0x56, 0x85, 0x4e, 0x85, 0x4e, 0x85, 0x4e, 0x65, 0x4e, 0x65, 0x4e, 0x65, 0x4e, 0x65, 0x4e, 0x65, 0x4e, 0x65, 0x4e, 0x65, 0x56, 0x65, 0x56, 0x85, 0x56, 0x86, 0x56, 0x86, 
  0x4e, 0xa5, 0x4e, 0x85, 0x4e, 0x85, 0x4e, 0x85, 0x4e, 0x85, 0x4e, 0x85, 0x4e, 0x85, 0x4e, 0x85, 0x4e, 0x85, 0x4e, 0x85, 0x4e, 0x85, 0x4e, 0x85, 0x56, 0xa5, 0x56, 0xa5, 0x56, 0xa6, 
  0x4e, 0xa5, 0x4e, 0x85, 0x4e, 0x85, 0x4e, 0x85, 0x4e, 0x85, 0x4e, 0x85, 0x4e, 0x85, 0x4e, 0x85, 0x4e, 0x85, 0x4e, 0x85, 0x4e, 0x85, 0x4e, 0x85, 0x4e, 0xa5, 0x56, 0xa6, 0x56, 0xa6, 
  0x4e, 0xa5, 0x4e, 0x85, 0x4e, 0x85, 0x4e, 0x85, 0x4e, 0x85, 0x4e, 0x85, 0x4e, 0x85, 0x4e, 0x85, 0x4e, 0x85, 0x4e, 0x85, 0x4e, 0x85, 0x4e, 0x85, 0x4e, 0xa5, 0x4e, 0xa5, 0x56, 0x86, 
  0x4e, 0x85, 0x4e, 0x85, 0x4e, 0x85, 0x4e, 0x85, 0x4e, 0x85, 0x4e, 0x85, 0x4e, 0x85, 0x4e, 0x85, 0x4e, 0x85, 0x4e, 0x85, 0x4e, 0x85, 0x4e, 0x85, 0x4e, 0xa5, 0x4e, 0xa5, 0x56, 0x86, 
  0x4e, 0x46, 0x4e, 0x45, 0x4e, 0x45, 0x4e, 0x25, 0x4e, 0x25, 0x46, 0x25, 0x46, 0x25, 0x46, 0x25, 0x46, 0x45, 0x4e, 0x45, 0x4e, 0x45, 0x4e, 0x45, 0x4e, 0x45, 0x4e, 0x46, 0x4e, 0x46, 
  0x45, 0x46, 0x45, 0x46, 0x45, 0x45, 0x45, 0x45, 0x45, 0x45, 0x45, 0x45, 0x45, 0x45, 0x45, 0x45, 0x45, 0x46, 0x45, 0x46, 0x45, 0x45, 0x45, 0x45, 0x45, 0x45, 0x45, 0x66, 0x4d, 0x46, 
  0x43, 0xe6, 0x3b, 0xe6, 0x3b, 0xe6, 0x43, 0xe6, 0x3b, 0xe5, 0x3b, 0xe5, 0x3b, 0xe6, 0x3b, 0xe6, 0x3b, 0xe6, 0x3b, 0xe6, 0x3b, 0xe6, 0x3b, 0xe6, 0x3b, 0xe6, 0x43, 0xe6, 0x44, 0x06, 
  0x3b, 0x06, 0x3b, 0x06, 0x3b, 0x06, 0x3b, 0x06, 0x3b, 0x06, 0x33, 0x06, 0x33, 0x06, 0x33, 0x06, 0x33, 0x06, 0x33, 0x06, 0x33, 0x06, 0x3b, 0x06, 0x3b, 0x06, 0x3b, 0x06, 0x3b, 0x26, 
  0x33, 0x66, 0x33, 0x66, 0x33, 0x66, 0x33, 0x66, 0x33, 0x66, 0x33, 0x66, 0x33, 0x66, 0x33, 0x66, 0x33, 0x66, 0x33, 0x66, 0x33, 0x66, 0x33, 0x66, 0x33, 0x66, 0x33, 0x66, 0x33, 0x66, 
  0x34, 0xc6, 0x34, 0xc6, 0x34, 0xc6, 0x34, 0xc6, 0x34, 0xc6, 0x34, 0xc6, 0x34, 0xc6, 0x34, 0xc6, 0x34, 0xc6, 0x34, 0xc6, 0x34, 0xc6, 0x34, 0xc6, 0x34, 0xc6, 0x34, 0xc6, 0x34, 0xc7, 
  0x35, 0xe6, 0x35, 0xe6, 0x2d, 0xe6, 0x2d, 0xe6, 0x2d, 0xe6, 0x2d, 0xe6, 0x35, 0xe6, 0x35, 0xe6, 0x35, 0xe6, 0x35, 0xe6, 0x35, 0xe6, 0x35, 0xe6, 0x35, 0xe6, 0x35, 0xe7, 0x35, 0xe7, 
  0x36, 0x46, 0x2e, 0x46, 0x2e, 0x26, 0x2e, 0x26, 0x2e, 0x26, 0x2e, 0x26, 0x36, 0x46, 0x36, 0x46, 0x36, 0x46, 0x36, 0x46, 0x36, 0x46, 0x36, 0x46, 0x36, 0x46, 0x36, 0x46, 0x36, 0x47, 
  0x36, 0x26, 0x2e, 0x46, 0x2e, 0x26, 0x2e, 0x26, 0x2e, 0x26, 0x2e, 0x26, 0x2e, 0x46, 0x2e, 0x46, 0x2e, 0x46, 0x2e, 0x46, 0x2e, 0x46, 0x2e, 0x46, 0x2e, 0x46, 0x2e, 0x46, 0x2e, 0x46, 
  0x2e, 0x27, 0x2e, 0x27, 0x2e, 0x26, 0x2e, 0x26, 0x2e, 0x26, 0x2e, 0x26, 0x2e, 0x26, 0x2e, 0x46, 0x2e, 0x26, 0x2e, 0x26, 0x2e, 0x26, 0x2e, 0x46, 0x2e, 0x46, 0x2e, 0x46, 0x2e, 0x46, 
  0x2e, 0x27, 0x2e, 0x27, 0x2e, 0x26, 0x2e, 0x26, 0x2e, 0x26, 0x2e, 0x26, 0x2e, 0x26, 0x2e, 0x26, 0x2e, 0x26, 0x2e, 0x26, 0x2e, 0x26, 0x2e, 0x26, 0x2e, 0x46, 0x2e, 0x47, 0x2e, 0x47, 
  0x2e, 0x27, 0x2e, 0x26, 0x2e, 0x26, 0x2e, 0x26, 0x2e, 0x06, 0x2e, 0x06, 0x2e, 0x06, 0x2e, 0x06, 0x2e, 0x06, 0x2e, 0x06, 0x2e, 0x06, 0x2e, 0x06, 0x2e, 0x26, 0x2e, 0x27, 0x2e, 0x27, 
  0x2d, 0xa7, 0x2d, 0xa6, 0x2d, 0xa6, 0x2d, 0xa6, 0x2d, 0xa6, 0x2d, 0x86, 0x2d, 0x86, 0x2d, 0x86, 0x2d, 0x86, 0x2d, 0x86, 0x2d, 0x86, 0x2d, 0xa6, 0x2d, 0xa6, 0x2d, 0xa6, 0x2d, 0xa7, 
  0x2c, 0xa7, 0x2c, 0xa6, 0x2c, 0xa6, 0x2c, 0xa6, 0x2c, 0xa6, 0x2c, 0xa6, 0x2c, 0xa6, 0x2c, 0xa6, 0x2c, 0xa6, 0x2c, 0xa6, 0x2c, 0xa6, 0x2c, 0xa6, 0x2c, 0xa6, 0x2c, 0xa6, 0x2c, 0xa7, 
  0x33, 0x46, 0x33, 0x46, 0x33, 0x46, 0x33, 0x46, 0x33, 0x46, 0x33, 0x46, 0x33, 0x46, 0x33, 0x46, 0x33, 0x46, 0x33, 0x46, 0x33, 0x46, 0x33, 0x46, 0x33, 0x46, 0x33, 0x46, 0x33, 0x47, 
  0x32, 0xe6, 0x2a, 0xc6, 0x2a, 0xc6, 0x32, 0xc6, 0x32, 0xc6, 0x2a, 0xc6, 0x2a, 0xc6, 0x2a, 0xc6, 0x2a, 0xc6, 0x32, 0xe6, 0x2a, 0xc6, 0x2a, 0xc6, 0x32, 0xe6, 0x32, 0xe6, 0x32, 0xe7, 
  0x2c, 0x07, 0x2c, 0x07, 0x24, 0x07, 0x2c, 0x07, 0x2c, 0x07, 0x24, 0x07, 0x24, 0x07, 0x24, 0x07, 0x24, 0x07, 0x24, 0x07, 0x24, 0x07, 0x24, 0x07, 0x24, 0x07, 0x2c, 0x07, 0x2c, 0x07, 
  0x25, 0x47, 0x1d, 0x47, 0x1d, 0x47, 0x1d, 0x47, 0x1d, 0x47, 0x1d, 0x47, 0x1d, 0x47, 0x1d, 0x47, 0x1d, 0x47, 0x1d, 0x47, 0x1d, 0x47, 0x1d, 0x47, 0x1d, 0x47, 0x25, 0x47, 0x25, 0x47, 
  0x1d, 0xc7, 0x1d, 0xc7, 0x1d, 0xc7, 0x1d, 0xc7, 0x1d, 0xc7, 0x1d, 0xc7, 0x1d, 0xc7, 0x1d, 0xc7, 0x1d, 0xc7, 0x1d, 0xc7, 0x1d, 0xc7, 0x1d, 0xc7, 0x1d, 0xc7, 0x1d, 0xc7, 0x1d, 0xc7, 
  0x1d, 0xe7, 0x1d, 0xe6, 0x1d, 0xe6, 0x1d, 0xe7, 0x1d, 0xe7, 0x1d, 0xe7, 0x1d, 0xe7, 0x1d, 0xe7, 0x1d, 0xe7, 0x1d, 0xe7, 0x1d, 0xe7, 0x1d, 0xe7, 0x1d, 0xe7, 0x1d, 0xe7, 0x1d, 0xe7, 
  0x1d, 0xe7, 0x1d, 0xe6, 0x1d, 0xe6, 0x1d, 0xe6, 0x1d, 0xe7, 0x1d, 0xe7, 0x1d, 0xe7, 0x1d, 0xe7, 0x1d, 0xe7, 0x1d, 0xe7, 0x1d, 0xe7, 0x1d, 0xe7, 0x1d, 0xe7, 0x1d, 0xe7, 0x1e, 0x07, 
  0x1d, 0xe7, 0x1d, 0xe6, 0x15, 0xe6, 0x15, 0xe6, 0x1d, 0xe6, 0x1d, 0xe7, 0x1d, 0xe7, 0x1d, 0xe7, 0x1d, 0xe7, 0x1d, 0xe7, 0x1d, 0xe7, 0x1d, 0xe7, 0x1d, 0xe7, 0x1d, 0xe7, 0x1e, 0x07, 
  0x1d, 0xe7, 0x1d, 0xc6, 0x15, 0xc6, 0x15, 0xc6, 0x15, 0xc6, 0x15, 0xc6, 0x15, 0xc6, 0x15, 0xe6, 0x1d, 0xe7, 0x15, 0xc7, 0x1d, 0xe7, 0x1d, 0xe7, 0x1d, 0xe7, 0x1d, 0xe7, 0x1d, 0xe7, 
  0x1d, 0xc7, 0x1d, 0xc6, 0x15, 0xc6, 0x15, 0xc6, 0x15, 0xc6, 0x15, 0xc6, 0x15, 0xc6, 0x15, 0xc6, 0x15, 0xc6, 0x15, 0xc7, 0x15, 0xc7, 0x1d, 0xe7, 0x1d, 0xe7, 0x1d, 0xe7, 0x1d, 0xe7, 
  0x1d, 0x87, 0x1d, 0x87, 0x1d, 0x86, 0x1d, 0x86, 0x1d, 0x86, 0x1d, 0x86, 0x1d, 0x86, 0x1d, 0x86, 0x1d, 0x86, 0x1d, 0x87, 0x1d, 0x87, 0x1d, 0xa7, 0x1d, 0xa7, 0x1d, 0xa7, 0x1d, 0xa7, 
#endif
#if LV_COLOR_DEPTH == 32
  /*Pixel format: Fix 0xFF: 8 bit, Red: 8 bit, Green: 8 bit, Blue: 8 bit*/
  0x15, 0x0e, 0x79, 0xff, 0x14, 0x0e, 0x78, 0xff, 0x13, 0x0d, 0x77, 0xff, 0x13, 0x0d, 0x76, 0xff, 0x13, 0x0e, 0x77, 0xff, 0x13, 0x0d, 0x78, 0xff, 0x13, 0x0d, 0x77, 0xff, 0x12, 0x0e, 0x78, 0xff, 0x12, 0x0e, 0x78, 0xff, 0x13, 0x0e, 0x77, 0xff, 0x14, 0x0e, 0x78, 0xff, 0x15, 0x0e, 0x79, 0xff, 0x16, 0x0e, 0x79, 0xff, 0x17, 0x0e, 0x7a, 0xff, 0x17, 0x0e, 0x7b, 0xff, 
  0x0f, 0x04, 0x97, 0xff, 0x0d, 0x04, 0x96, 0xff, 0x0c, 0x04, 0x95, 0xff, 0x0c, 0x04, 0x94, 0xff, 0x0c, 0x04, 0x95, 0xff, 0x0c, 0x04, 0x96, 0xff, 0x0c, 0x04, 0x95, 0xff, 0x0b, 0x04, 0x96, 0xff, 0x0b, 0x04, 0x96, 0xff, 0x0c, 0x04, 0x95, 0xff, 0x0d, 0x04, 0x96, 0xff, 0x0e, 0x04, 0x97, 0xff, 0x0f, 0x04, 0x97, 0xff, 0x10, 0x04, 0x98, 0xff, 0x10, 0x04, 0x99, 0xff, 
  0x0c, 0x01, 0xa4, 0xff, 0x0a, 0x01, 0xa3, 0xff, 0x09, 0x01, 0xa1, 0xff, 0x09, 0x01, 0xa0, 0xff, 0x09, 0x01, 0xa1, 0xff, 0x09, 0x01, 0xa2, 0xff, 0x09, 0x01, 0xa2, 0xff, 0x08, 0x01, 0xa2, 0xff, 0x08, 0x01, 0xa3, 0xff, 0x09, 0x01, 0xa3, 0xff, 0x0a, 0x01, 0xa4, 0xff, 0x0b, 0x01, 0xa4, 0xff, 0x0c, 0x01, 0xa3, 0xff, 0x0d, 0x01, 0xa5, 0xff, 0x0d, 0x01, 0xa6, 0xff, 
  0x0c, 0x00, 0xa8, 0xff, 0x0b, 0x00, 0xa7, 0xff, 0x09, 0x00, 0xa5, 0xff, 0x08, 0x00, 0xa4, 0xff, 0x08, 0x00, 0xa5, 0xff, 0x09, 0x00, 0xa6, 0xff, 0x08, 0x00, 0xa6, 0xff, 0x08, 0x00, 0xa6, 0xff, 0x09, 0x00, 0xa7, 0xff, 0x0a, 0x00, 0xa7, 0xff, 0x0a, 0x00, 0xa8, 0xff, 0x0a, 0x00, 0xa8, 0xff, 0x0b, 0x00, 0xa7, 0xff, 0x0c, 0x00, 0xa8, 0xff, 0x0d, 0x00, 0xa9, 0xff, 
  0x0b, 0x00, 0xaa, 0xff, 0x0b, 0x00, 0xa8, 0xff, 0x0a, 0x00, 0xa6, 0xff, 0x09, 0x00, 0xa5, 0xff, 0x09, 0x00, 0xa6, 0xff, 0x09, 0x00, 0xa7, 0xff, 0x09, 0x00, 0xa7, 0xff, 0x09, 0x00, 0xa7, 0xff, 0x09, 0x00, 0xa8, 0xff, 0x09, 0x00, 0xa9, 0xff, 0x09, 0x00, 0xa9, 0xff, 0x09, 0x00, 0xa8, 0xff, 0x0a, 0x00, 0xa8, 0xff, 0x0c, 0x00, 0xa9, 0xff, 0x0d, 0x00, 0xa9, 0xff, 
  0x0b, 0x00, 0xab, 0xff, 0x0b, 0x00, 0xa9, 0xff, 0x0a, 0x00, 0xa7, 0xff, 0x09, 0x00, 0xa6, 0xff, 0x09, 0x00, 0xa7, 0xff, 0x09, 0x00, 0xa8, 0xff, 0x09, 0x00, 0xa8, 0xff, 0x0a, 0x00, 0xa8, 0xff, 0x09, 0x00, 0xa9, 0xff, 0x09, 0x00, 0xaa, 0xff, 0x09, 0x00, 0xaa, 0xff, 0x09, 0x00, 0xa9, 0xff, 0x0a, 0x00, 0xa9, 0xff, 0x0c, 0x00, 0xaa, 0xff, 0x0d, 0x00, 0xa9, 0xff, 
  0x0d, 0x00, 0xab, 0xff, 0x0c, 0x00, 0xa9, 0xff, 0x0b, 0x00, 0xa6, 0xff, 0x0b, 0x00, 0xa6, 0xff, 0x0a, 0x00, 0xa7, 0xff, 0x0a, 0x00, 0xa7, 0xff, 0x0b, 0x00, 0xa7, 0xff, 0x0b, 0x00, 0xa7, 0xff, 0x0b, 0x00, 0xa7, 0xff, 0x0a, 0x00, 0xa7, 0xff, 0x0a, 0x00, 0xa8, 0xff, 0x0a, 0x00, 0xa7, 0xff, 0x0b, 0x00, 0xa7, 0xff, 0x0d, 0x00, 0xa8, 0xff, 0x0e, 0x00, 0xa8, 0xff, 
  0x0f, 0x03, 0xa3, 0xff, 0x0e, 0x03, 0xa1, 0xff, 0x0d, 0x03, 0x9f, 0xff, 0x0c, 0x03, 0x9f, 0xff, 0x0c, 0x03, 0x9f, 0xff, 0x0c, 0x03, 0x9f, 0xff, 0x0d, 0x03, 0x9f, 0xff, 0x0d, 0x03, 0x9f, 0xff, 0x0d, 0x03, 0x9f, 0xff, 0x0c, 0x03, 0x9f, 0xff, 0x0c, 0x03, 0xa0, 0xff, 0x0c, 0x03, 0x9f, 0xff, 0x0d, 0x03, 0x9f, 0xff, 0x0f, 0x03, 0xa0, 0xff, 0x10, 0x03, 0xa1, 0xff, 
  0x14, 0x0a, 0x8a, 0xff, 0x12, 0x0a, 0x88, 0xff, 0x12, 0x0a, 0x87, 0xff, 0x12, 0x0a, 0x87, 0xff, 0x12, 0x0a, 0x87, 0xff, 0x12, 0x0a, 0x87, 0xff, 0x12, 0x0a, 0x87, 0xff, 0x12, 0x0a, 0x87, 0xff, 0x13, 0x0a, 0x87, 0xff, 0x12, 0x0a, 0x87, 0xff, 0x12, 0x0a, 0x88, 0xff, 0x12, 0x0a, 0x87, 0xff, 0x12, 0x0a, 0x87, 0xff, 0x13, 0x0a, 0x88, 0xff, 0x14, 0x0b, 0x89, 0xff, 
  0x1d, 0x18, 0x61, 0xff, 0x1b, 0x17, 0x5f, 0xff, 0x1b, 0x17, 0x5e, 0xff, 0x1b, 0x17, 0x5e, 0xff, 0x1b, 0x17, 0x5f, 0xff, 0x1b, 0x17, 0x5f, 0xff, 0x1b, 0x17, 0x5f, 0xff, 0x1b, 0x18, 0x5f, 0xff, 0x1c, 0x18, 0x5e, 0xff, 0x1b, 0x18, 0x5e, 0xff, 0x1b, 0x18, 0x5f, 0xff, 0x1c, 0x18, 0x5f, 0xff, 0x1c, 0x18, 0x5f, 0xff, 0x1c, 0x18, 0x60, 0xff, 0x1d, 0x19, 0x60, 0xff, 
  0x22, 0x20, 0x4c, 0xff, 0x20, 0x1f, 0x4b, 0xff, 0x20, 0x1f, 0x4b, 0xff, 0x20, 0x1f, 0x4b, 0xff, 0x20, 0x1e, 0x4b, 0xff, 0x20, 0x1e, 0x4b, 0xff, 0x20, 0x1f, 0x4b, 0xff, 0x20, 0x1f, 0x4b, 0xff, 0x21, 0x1f, 0x4b, 0xff, 0x21, 0x1f, 0x4b, 0xff, 0x21, 0x1f, 0x4b, 0xff, 0x21, 0x1f, 0x4b, 0xff, 0x21, 0x1f, 0x4c, 0xff, 0x21, 0x20, 0x4c, 0xff, 0x22, 0x21, 0x4c, 0xff, 
  0x1c, 0x18, 0x66, 0xff, 0x1c, 0x17, 0x64, 0xff, 0x1b, 0x17, 0x64, 0xff, 0x1b, 0x17, 0x64, 0xff, 0x1b, 0x16, 0x64, 0xff, 0x1b, 0x16, 0x64, 0xff, 0x1b, 0x17, 0x64, 0xff, 0x1b, 0x17, 0x64, 0xff, 0x1c, 0x17, 0x64, 0xff, 0x1c, 0x17, 0x64, 0xff, 0x1c, 0x16, 0x63, 0xff, 0x1c, 0x16, 0x64, 0xff, 0x1c, 0x18, 0x65, 0xff, 0x1d, 0x19, 0x65, 0xff, 0x1d, 0x18, 0x65, 0xff, 
  0x15, 0x0b, 0x90, 0xff, 0x15, 0x0b, 0x8e, 0xff, 0x14, 0x0a, 0x8d, 0xff, 0x14, 0x0a, 0x8d, 0xff, 0x14, 0x09, 0x8e, 0xff, 0x13, 0x09, 0x8e, 0xff, 0x13, 0x0a, 0x8e, 0xff, 0x14, 0x0a, 0x8d, 0xff, 0x14, 0x0a, 0x8d, 0xff, 0x14, 0x0a, 0x8d, 0xff, 0x14, 0x09, 0x8c, 0xff, 0x14, 0x09, 0x8c, 0xff, 0x15, 0x0b, 0x8e, 0xff, 0x16, 0x0c, 0x8e, 0xff, 0x15, 0x0b, 0x8f, 0xff, 
  0x11, 0x04, 0xa9, 0xff, 0x11, 0x03, 0xa7, 0xff, 0x10, 0x03, 0xa6, 0xff, 0x0f, 0x03, 0xa6, 0xff, 0x0f, 0x02, 0xa7, 0xff, 0x0f, 0x02, 0xa7, 0xff, 0x0f, 0x02, 0xa7, 0xff, 0x0f, 0x02, 0xa6, 0xff, 0x0f, 0x02, 0xa5, 0xff, 0x10, 0x03, 0xa5, 0xff, 0x10, 0x02, 0xa4, 0xff, 0x10, 0x02, 0xa4, 0xff, 0x11, 0x04, 0xa6, 0xff, 0x11, 0x05, 0xa7, 0xff, 0x11, 0x04, 0xa7, 0xff, 
  0x10, 0x03, 0xb0, 0xff, 0x10, 0x02, 0xaf, 0xff, 0x0f, 0x01, 0xaf, 0xff, 0x0d, 0x01, 0xaf, 0xff, 0x0d, 0x01, 0xaf, 0xff, 0x0e, 0x01, 0xaf, 0xff, 0x0e, 0x00, 0xaf, 0xff, 0x0e, 0x00, 0xae, 0xff, 0x0e, 0x00, 0xad, 0xff, 0x0f, 0x01, 0xae, 0xff, 0x0f, 0x01, 0xad, 0xff, 0x0f, 0x01, 0xad, 0xff, 0x10, 0x02, 0xaf, 0xff, 0x10, 0x03, 0xb0, 0xff, 0x10, 0x03, 0xaf, 0xff, 
  0x11, 0x04, 0xb2, 0xff, 0x10, 0x03, 0xb2, 0xff, 0x0f, 0x01, 0xb2, 0xff, 0x0e, 0x01, 0xb2, 0xff, 0x0e, 0x01, 0xb1, 0xff, 0x0f, 0x01, 0xb1, 0xff, 0x0f, 0x01, 0xb1, 0xff, 0x0e, 0x00, 0xb0, 0xff, 0x0e, 0x01, 0xb0, 0xff, 0x0e, 0x02, 0xb0, 0xff, 0x0e, 0x01, 0xb1, 0xff, 0x0e, 0x01, 0xb1, 0xff, 0x0f, 0x02, 0xb2, 0xff, 0x10, 0x03, 0xb2, 0xff, 0x10, 0x02, 0xb1, 0xff, 
  0x11, 0x04, 0xb3, 0xff, 0x10, 0x03, 0xb3, 0xff, 0x10, 0x02, 0xb2, 0xff, 0x0f, 0x02, 0xb2, 0xff, 0x0e, 0x01, 0xb1, 0xff, 0x0e, 0x01, 0xb0, 0xff, 0x0f, 0x01, 0xb1, 0xff, 0x0f, 0x01, 0xb0, 0xff, 0x0f, 0x01, 0xb0, 0xff, 0x0f, 0x01, 0xb1, 0xff, 0x0e, 0x01, 0xb2, 0xff, 0x0e, 0x01, 0xb3, 0xff, 0x0f, 0x01, 0xb3, 0xff, 0x10, 0x02, 0xb2, 0xff, 0x10, 0x03, 0xb1, 0xff, 
  0x11, 0x04, 0xb4, 0xff, 0x10, 0x03, 0xb2, 0xff, 0x10, 0x03, 0xb0, 0xff, 0x0f, 0x03, 0xb0, 0xff, 0x0e, 0x02, 0xb0, 0xff, 0x0e, 0x02, 0xb0, 0xff, 0x0f, 0x02, 0xb0, 0xff, 0x0f, 0x02, 0xb0, 0xff, 0x10, 0x02, 0xb0, 0xff, 0x10, 0x01, 0xb0, 0xff, 0x0f, 0x01, 0xb1, 0xff, 0x0e, 0x00, 0xb2, 0xff, 0x0f, 0x01, 0xb2, 0xff, 0x11, 0x03, 0xb1, 0xff, 0x11, 0x03, 0xb0, 0xff, 
  0x10, 0x04, 0xb3, 0xff, 0x0f, 0x04, 0xb1, 0xff, 0x0e, 0x03, 0xaf, 0xff, 0x0e, 0x03, 0xae, 0xff, 0x0d, 0x03, 0xaf, 0xff, 0x0d, 0x03, 0xaf, 0xff, 0x0e, 0x03, 0xaf, 0xff, 0x0e, 0x02, 0xaf, 0xff, 0x0f, 0x02, 0xaf, 0xff, 0x10, 0x02, 0xae, 0xff, 0x0f, 0x01, 0xaf, 0xff, 0x0f, 0x01, 0xb0, 0xff, 0x10, 0x02, 0xb0, 0xff, 0x11, 0x03, 0xaf, 0xff, 0x10, 0x03, 0xae, 0xff, 
  0x12, 0x08, 0xa4, 0xff, 0x11, 0x08, 0xa2, 0xff, 0x10, 0x07, 0xa0, 0xff, 0x10, 0x06, 0x9f, 0xff, 0x10, 0x06, 0xa0, 0xff, 0x10, 0x06, 0xa0, 0xff, 0x10, 0x06, 0xa0, 0xff, 0x11, 0x06, 0xa0, 0xff, 0x11, 0x06, 0xa0, 0xff, 0x12, 0x06, 0x9f, 0xff, 0x11, 0x06, 0x9f, 0xff, 0x11, 0x06, 0xa1, 0xff, 0x12, 0x06, 0xa1, 0xff, 0x13, 0x07, 0xa0, 0xff, 0x12, 0x07, 0x9f, 0xff, 
  0x1c, 0x16, 0x76, 0xff, 0x1c, 0x16, 0x75, 0xff, 0x1b, 0x15, 0x74, 0xff, 0x1b, 0x14, 0x73, 0xff, 0x1b, 0x14, 0x74, 0xff, 0x1b, 0x14, 0x74, 0xff, 0x1b, 0x14, 0x74, 0xff, 0x1b, 0x15, 0x74, 0xff, 0x1b, 0x15, 0x73, 0xff, 0x1b, 0x15, 0x73, 0xff, 0x1b, 0x15, 0x73, 0xff, 0x1b, 0x15, 0x74, 0xff, 0x1c, 0x15, 0x74, 0xff, 0x1c, 0x15, 0x74, 0xff, 0x1c, 0x15, 0x73, 0xff, 
  0x23, 0x20, 0x56, 0xff, 0x23, 0x20, 0x56, 0xff, 0x22, 0x20, 0x55, 0xff, 0x22, 0x20, 0x54, 0xff, 0x22, 0x20, 0x55, 0xff, 0x22, 0x1f, 0x55, 0xff, 0x21, 0x1f, 0x55, 0xff, 0x21, 0x1f, 0x55, 0xff, 0x22, 0x1f, 0x54, 0xff, 0x22, 0x1f, 0x54, 0xff, 0x22, 0x20, 0x54, 0xff, 0x22, 0x20, 0x55, 0xff, 0x23, 0x20, 0x55, 0xff, 0x23, 0x20, 0x55, 0xff, 0x23, 0x20, 0x54, 0xff, 
  0x24, 0x1f, 0x61, 0xff, 0x23, 0x1f, 0x61, 0xff, 0x23, 0x1f, 0x60, 0xff, 0x23, 0x1f, 0x5f, 0xff, 0x22, 0x1f, 0x60, 0xff, 0x22, 0x1e, 0x60, 0xff, 0x21, 0x1e, 0x61, 0xff, 0x21, 0x1e, 0x61, 0xff, 0x22, 0x1e, 0x60, 0xff, 0x23, 0x1e, 0x60, 0xff, 0x23, 0x1f, 0x60, 0xff, 0x23, 0x1f, 0x60, 0xff, 0x23, 0x1f, 0x61, 0xff, 0x23, 0x1f, 0x61, 0xff, 0x23, 0x20, 0x61, 0xff, 
  0x1e, 0x17, 0x90, 0xff, 0x1e, 0x17, 0x8f, 0xff, 0x1d, 0x16, 0x8e, 0xff, 0x1c, 0x16, 0x8d, 0xff, 0x1c, 0x16, 0x8d, 0xff, 0x1c, 0x16, 0x8e, 0xff, 0x1c, 0x16, 0x8f, 0xff, 0x1c, 0x16, 0x8f, 0xff, 0x1d, 0x16, 0x8e, 0xff, 0x1e, 0x16, 0x8d, 0xff, 0x1d, 0x16, 0x8d, 0xff, 0x1d, 0x17, 0x8d, 0xff, 0x1e, 0x17, 0x8f, 0xff, 0x1e, 0x17, 0x90, 0xff, 0x1e, 0x18, 0x8f, 0xff, 
  0x19, 0x0f, 0xbb, 0xff, 0x19, 0x0f, 0xba, 0xff, 0x18, 0x0e, 0xb9, 0xff, 0x17, 0x0d, 0xb7, 0xff, 0x17, 0x0d, 0xb7, 0xff, 0x17, 0x0d, 0xb8, 0xff, 0x17, 0x0d, 0xb9, 0xff, 0x17, 0x0d, 0xba, 0xff, 0x18, 0x0d, 0xb9, 0xff, 0x19, 0x0d, 0xb7, 0xff, 0x18, 0x0d, 0xb7, 0xff, 0x18, 0x0e, 0xb8, 0xff, 0x19, 0x0e, 0xba, 0xff, 0x19, 0x0f, 0xbb, 0xff, 0x19, 0x10, 0xba, 0xff, 
  0x16, 0x0c, 0xd0, 0xff, 0x16, 0x0b, 0xcf, 0xff, 0x15, 0x0a, 0xcd, 0xff, 0x14, 0x09, 0xcb, 0xff, 0x14, 0x09, 0xcb, 0xff, 0x14, 0x0a, 0xcb, 0xff, 0x15, 0x0a, 0xcc, 0xff, 0x16, 0x0a, 0xcd, 0xff, 0x16, 0x0a, 0xcd, 0xff, 0x16, 0x0a, 0xcb, 0xff, 0x15, 0x0a, 0xca, 0xff, 0x15, 0x0b, 0xcb, 0xff, 0x16, 0x0b, 0xcd, 0xff, 0x17, 0x0c, 0xce, 0xff, 0x16, 0x0d, 0xcd, 0xff, 
  0x16, 0x0c, 0xd4, 0xff, 0x15, 0x0b, 0xd3, 0xff, 0x14, 0x0a, 0xd1, 0xff, 0x14, 0x0a, 0xcf, 0xff, 0x15, 0x0a, 0xcf, 0xff, 0x15, 0x0a, 0xce, 0xff, 0x15, 0x0a, 0xcf, 0xff, 0x15, 0x0a, 0xd1, 0xff, 0x15, 0x0b, 0xd1, 0xff, 0x15, 0x0a, 0xcf, 0xff, 0x15, 0x0a, 0xce, 0xff, 0x15, 0x0b, 0xcf, 0xff, 0x16, 0x0c, 0xd1, 0xff, 0x17, 0x0d, 0xd2, 0xff, 0x16, 0x0c, 0xd1, 0xff, 
  0x16, 0x0c, 0xd6, 0xff, 0x15, 0x0c, 0xd3, 0xff, 0x15, 0x0b, 0xd1, 0xff, 0x15, 0x0a, 0xd1, 0xff, 0x14, 0x09, 0xd0, 0xff, 0x14, 0x09, 0xcf, 0xff, 0x15, 0x0a, 0xd0, 0xff, 0x15, 0x0a, 0xd1, 0xff, 0x15, 0x0a, 0xd1, 0xff, 0x15, 0x0a, 0xcf, 0xff, 0x15, 0x0a, 0xd0, 0xff, 0x15, 0x0b, 0xd1, 0xff, 0x16, 0x0c, 0xd3, 0xff, 0x17, 0x0d, 0xd4, 0xff, 0x16, 0x0c, 0xd3, 0xff, 
  0x16, 0x0c, 0xd6, 0xff, 0x16, 0x0c, 0xd3, 0xff, 0x15, 0x0c, 0xd1, 0xff, 0x15, 0x0a, 0xd1, 0xff, 0x14, 0x09, 0xd0, 0xff, 0x14, 0x09, 0xd0, 0xff, 0x15, 0x0a, 0xd0, 0xff, 0x15, 0x0b, 0xd1, 0xff, 0x15, 0x0b, 0xd1, 0xff, 0x15, 0x0a, 0xd0, 0xff, 0x15, 0x0a, 0xd1, 0xff, 0x15, 0x0b, 0xd2, 0xff, 0x16, 0x0c, 0xd3, 0xff, 0x17, 0x0d, 0xd3, 0xff, 0x17, 0x0d, 0xd2, 0xff, 
  0x16, 0x0c, 0xd4, 0xff, 0x15, 0x0c, 0xd2, 0xff, 0x15, 0x0b, 0xd1, 0xff, 0x14, 0x0a, 0xd0, 0xff, 0x14, 0x09, 0xcf, 0xff, 0x14, 0x09, 0xcf, 0xff, 0x14, 0x0a, 0xd0, 0xff, 0x15, 0x0b, 0xd1, 0xff, 0x15, 0x0a, 0xd0, 0xff, 0x14, 0x0a, 0xcf, 0xff, 0x14, 0x0a, 0xcf, 0xff, 0x15, 0x0a, 0xd0, 0xff, 0x16, 0x0b, 0xd1, 0xff, 0x16, 0x0c, 0xd1, 0xff, 0x16, 0x0c, 0xd0, 0xff, 
  0x18, 0x0e, 0xcd, 0xff, 0x17, 0x0d, 0xcc, 0xff, 0x16, 0x0c, 0xc9, 0xff, 0x16, 0x0b, 0xc8, 0xff, 0x16, 0x0b, 0xc8, 0xff, 0x16, 0x0b, 0xc8, 0xff, 0x16, 0x0b, 0xc8, 0xff, 0x17, 0x0c, 0xc8, 0xff, 0x17, 0x0b, 0xc8, 0xff, 0x16, 0x0b, 0xc8, 0xff, 0x16, 0x0b, 0xc9, 0xff, 0x17, 0x0c, 0xc9, 0xff, 0x18, 0x0d, 0xc9, 0xff, 0x18, 0x0d, 0xc9, 0xff, 0x18, 0x0c, 0xc9, 0xff, 
  0x1b, 0x13, 0xb0, 0xff, 0x1a, 0x12, 0xaf, 0xff, 0x19, 0x11, 0xac, 0xff, 0x19, 0x10, 0xab, 0xff, 0x19, 0x10, 0xab, 0xff, 0x1a, 0x10, 0xab, 0xff, 0x1a, 0x10, 0xab, 0xff, 0x1a, 0x10, 0xab, 0xff, 0x1a, 0x11, 0xab, 0xff, 0x1a, 0x10, 0xac, 0xff, 0x1a, 0x10, 0xad, 0xff, 0x1b, 0x11, 0xad, 0xff, 0x1b, 0x12, 0xac, 0xff, 0x1b, 0x12, 0xac, 0xff, 0x1b, 0x11, 0xad, 0xff, 
  0x21, 0x1d, 0x80, 0xff, 0x20, 0x1c, 0x80, 0xff, 0x1f, 0x1b, 0x7e, 0xff, 0x1f, 0x1a, 0x7c, 0xff, 0x20, 0x1a, 0x7c, 0xff, 0x20, 0x1a, 0x7d, 0xff, 0x20, 0x1a, 0x7d, 0xff, 0x20, 0x1a, 0x7d, 0xff, 0x20, 0x1b, 0x7d, 0xff, 0x20, 0x1a, 0x7e, 0xff, 0x21, 0x1a, 0x80, 0xff, 0x21, 0x1b, 0x7f, 0xff, 0x22, 0x1c, 0x7e, 0xff, 0x22, 0x1c, 0x7e, 0xff, 0x22, 0x1b, 0x7f, 0xff, 
  0x26, 0x26, 0x5a, 0xff, 0x25, 0x25, 0x59, 0xff, 0x25, 0x25, 0x58, 0xff, 0x24, 0x24, 0x57, 0xff, 0x25, 0x24, 0x57, 0xff, 0x25, 0x24, 0x58, 0xff, 0x25, 0x24, 0x58, 0xff, 0x25, 0x24, 0x58, 0xff, 0x25, 0x25, 0x58, 0xff, 0x26, 0x25, 0x59, 0xff, 0x26, 0x25, 0x59, 0xff, 0x26, 0x25, 0x59, 0xff, 0x27, 0x26, 0x59, 0xff, 0x27, 0x26, 0x59, 0xff, 0x27, 0x26, 0x59, 0xff, 
  0x26, 0x27, 0x6c, 0xff, 0x25, 0x26, 0x6b, 0xff, 0x25, 0x26, 0x6a, 0xff, 0x24, 0x25, 0x69, 0xff, 0x24, 0x25, 0x69, 0xff, 0x25, 0x25, 0x6a, 0xff, 0x25, 0x25, 0x6a, 0xff, 0x25, 0x25, 0x6a, 0xff, 0x25, 0x26, 0x6a, 0xff, 0x26, 0x27, 0x6b, 0xff, 0x26, 0x26, 0x6a, 0xff, 0x26, 0x26, 0x6a, 0xff, 0x26, 0x27, 0x6b, 0xff, 0x27, 0x28, 0x6b, 0xff, 0x26, 0x27, 0x6b, 0xff, 
  0x22, 0x22, 0xbc, 0xff, 0x21, 0x21, 0xbb, 0xff, 0x21, 0x21, 0xba, 0xff, 0x20, 0x20, 0xb9, 0xff, 0x20, 0x20, 0xb9, 0xff, 0x20, 0x20, 0xba, 0xff, 0x20, 0x20, 0xb9, 0xff, 0x20, 0x20, 0xb9, 0xff, 0x20, 0x21, 0xb9, 0xff, 0x20, 0x21, 0xb9, 0xff, 0x21, 0x21, 0xb9, 0xff, 0x21, 0x21, 0xb9, 0xff, 0x21, 0x22, 0xb9, 0xff, 0x21, 0x22, 0xba, 0xff, 0x20, 0x22, 0xbb, 0xff, 
  0x1f, 0x1f, 0xf6, 0xff, 0x1e, 0x1f, 0xf4, 0xff, 0x1d, 0x1e, 0xf3, 0xff, 0x1d, 0x1d, 0xf3, 0xff, 0x1d, 0x1d, 0xf3, 0xff, 0x1d, 0x1d, 0xf3, 0xff, 0x1d, 0x1d, 0xf2, 0xff, 0x1d, 0x1d, 0xf2, 0xff, 0x1c, 0x1d, 0xf2, 0xff, 0x1c, 0x1d, 0xf2, 0xff, 0x1d, 0x1d, 0xf2, 0xff, 0x1d, 0x1d, 0xf2, 0xff, 0x1d, 0x1e, 0xf2, 0xff, 0x1d, 0x1e, 0xf3, 0xff, 0x1c, 0x1e, 0xf4, 0xff, 
  0x1e, 0x1f, 0xf9, 0xff, 0x1d, 0x1e, 0xf6, 0xff, 0x1c, 0x1e, 0xf6, 0xff, 0x1c, 0x1e, 0xf7, 0xff, 0x1c, 0x1e, 0xf8, 0xff, 0x1d, 0x1e, 0xf7, 0xff, 0x1c, 0x1e, 0xf6, 0xff, 0x1c, 0x1e, 0xf6, 0xff, 0x1c, 0x1e, 0xf6, 0xff, 0x1d, 0x1e, 0xf6, 0xff, 0x1d, 0x1e, 0xf6, 0xff, 0x1d, 0x1e, 0xf5, 0xff, 0x1d, 0x1e, 0xf5, 0xff, 0x1d, 0x1e, 0xf7, 0xff, 0x1d, 0x1f, 0xf8, 0xff, 
  0x1e, 0x1f, 0xfa, 0xff, 0x1d, 0x1e, 0xf7, 0xff, 0x1c, 0x1d, 0xf7, 0xff, 0x1c, 0x1d, 0xf7, 0xff, 0x1c, 0x1e, 0xf7, 0xff, 0x1d, 0x1d, 0xf6, 0xff, 0x1d, 0x1d, 0xf6, 0xff, 0x1c, 0x1e, 0xf7, 0xff, 0x1c, 0x1e, 0xf8, 0xff, 0x1d, 0x1e, 0xf8, 0xff, 0x1d, 0x1e, 0xf8, 0xff, 0x1d, 0x1e, 0xf7, 0xff, 0x1d, 0x1e, 0xf6, 0xff, 0x1d, 0x1f, 0xf7, 0xff, 0x1e, 0x1f, 0xf9, 0xff, 
  0x1e, 0x1f, 0xfa, 0xff, 0x1d, 0x1e, 0xf9, 0xff, 0x1d, 0x1e, 0xf8, 0xff, 0x1c, 0x1d, 0xf7, 0xff, 0x1c, 0x1d, 0xf6, 0xff, 0x1c, 0x1d, 0xf6, 0xff, 0x1d, 0x1d, 0xf7, 0xff, 0x1d, 0x1e, 0xf8, 0xff, 0x1d, 0x1f, 0xf9, 0xff, 0x1d, 0x1e, 0xf9, 0xff, 0x1d, 0x1e, 0xf9, 0xff, 0x1d, 0x1e, 0xf8, 0xff, 0x1d, 0x1e, 0xf8, 0xff, 0x1e, 0x1f, 0xf8, 0xff, 0x1e, 0x1f, 0xf9, 0xff, 
  0x1e, 0x1f, 0xfa, 0xff, 0x1d, 0x1e, 0xf8, 0xff, 0x1c, 0x1e, 0xf7, 0xff, 0x1b, 0x1d, 0xf6, 0xff, 0x1b, 0x1d, 0xf5, 0xff, 0x1c, 0x1d, 0xf5, 0xff, 0x1c, 0x1d, 0xf7, 0xff, 0x1d, 0x1e, 0xf8, 0xff, 0x1e, 0x1f, 0xf9, 0xff, 0x1d, 0x1f, 0xf9, 0xff, 0x1d, 0x1f, 0xf9, 0xff, 0x1d, 0x1f, 0xf9, 0xff, 0x1e, 0x1f, 0xf8, 0xff, 0x1e, 0x1f, 0xf8, 0xff, 0x1e, 0x1f, 0xf9, 0xff, 
  0x1e, 0x1f, 0xf9, 0xff, 0x1d, 0x1e, 0xf8, 0xff, 0x1c, 0x1e, 0xf7, 0xff, 0x1b, 0x1d, 0xf6, 0xff, 0x1b, 0x1d, 0xf6, 0xff, 0x1c, 0x1d, 0xf6, 0xff, 0x1c, 0x1d, 0xf7, 0xff, 0x1d, 0x1e, 0xf8, 0xff, 0x1e, 0x1f, 0xf9, 0xff, 0x1d, 0x1e, 0xf9, 0xff, 0x1d, 0x1e, 0xf9, 0xff, 0x1d, 0x1f, 0xfa, 0xff, 0x1e, 0x1f, 0xf9, 0xff, 0x1e, 0x1f, 0xf8, 0xff, 0x1e, 0x1f, 0xf9, 0xff, 
  0x1f, 0x1e, 0xf8, 0xff, 0x1d, 0x1d, 0xf7, 0xff, 0x1c, 0x1d, 0xf6, 0xff, 0x1c, 0x1d, 0xf5, 0xff, 0x1c, 0x1c, 0xf5, 0xff, 0x1c, 0x1c, 0xf5, 0xff, 0x1d, 0x1d, 0xf5, 0xff, 0x1e, 0x1d, 0xf6, 0xff, 0x1e, 0x1e, 0xf7, 0xff, 0x1e, 0x1d, 0xf7, 0xff, 0x1e, 0x1d, 0xf7, 0xff, 0x1e, 0x1e, 0xf7, 0xff, 0x1e, 0x1f, 0xf7, 0xff, 0x1f, 0x1f, 0xf7, 0xff, 0x1f, 0x1f, 0xf8, 0xff, 
  0x21, 0x1f, 0xe0, 0xff, 0x1f, 0x1e, 0xdf, 0xff, 0x1e, 0x1d, 0xde, 0xff, 0x1d, 0x1d, 0xde, 0xff, 0x1d, 0x1d, 0xde, 0xff, 0x1e, 0x1d, 0xde, 0xff, 0x1f, 0x1e, 0xde, 0xff, 0x20, 0x1e, 0xde, 0xff, 0x20, 0x1e, 0xdf, 0xff, 0x20, 0x1e, 0xde, 0xff, 0x20, 0x1e, 0xde, 0xff, 0x20, 0x1e, 0xdf, 0xff, 0x20, 0x1f, 0xe0, 0xff, 0x21, 0x20, 0xe0, 0xff, 0x21, 0x20, 0xdf, 0xff, 
  0x26, 0x26, 0x78, 0xff, 0x25, 0x25, 0x78, 0xff, 0x24, 0x24, 0x77, 0xff, 0x23, 0x24, 0x77, 0xff, 0x23, 0x24, 0x77, 0xff, 0x24, 0x24, 0x78, 0xff, 0x25, 0x25, 0x77, 0xff, 0x24, 0x24, 0x77, 0xff, 0x24, 0x24, 0x78, 0xff, 0x25, 0x25, 0x79, 0xff, 0x24, 0x25, 0x79, 0xff, 0x24, 0x25, 0x7a, 0xff, 0x25, 0x26, 0x7a, 0xff, 0x26, 0x27, 0x7b, 0xff, 0x27, 0x27, 0x7b, 0xff, 
  0x2a, 0x2c, 0x45, 0xff, 0x29, 0x2c, 0x45, 0xff, 0x28, 0x2b, 0x45, 0xff, 0x27, 0x2b, 0x45, 0xff, 0x27, 0x2b, 0x45, 0xff, 0x28, 0x2b, 0x45, 0xff, 0x29, 0x2b, 0x45, 0xff, 0x29, 0x2b, 0x45, 0xff, 0x29, 0x2b, 0x46, 0xff, 0x29, 0x2b, 0x46, 0xff, 0x28, 0x2b, 0x46, 0xff, 0x28, 0x2c, 0x47, 0xff, 0x29, 0x2d, 0x48, 0xff, 0x2a, 0x2e, 0x48, 0xff, 0x2b, 0x2e, 0x48, 0xff, 
  0x27, 0x2f, 0x84, 0xff, 0x27, 0x2f, 0x84, 0xff, 0x26, 0x2e, 0x84, 0xff, 0x25, 0x2d, 0x84, 0xff, 0x24, 0x2d, 0x83, 0xff, 0x25, 0x2d, 0x83, 0xff, 0x26, 0x2e, 0x83, 0xff, 0x26, 0x2d, 0x83, 0xff, 0x25, 0x2d, 0x84, 0xff, 0x25, 0x2e, 0x83, 0xff, 0x25, 0x2e, 0x83, 0xff, 0x25, 0x2f, 0x84, 0xff, 0x26, 0x30, 0x85, 0xff, 0x27, 0x2f, 0x85, 0xff, 0x26, 0x2f, 0x85, 0xff, 
  0x23, 0x32, 0xd3, 0xff, 0x23, 0x32, 0xd3, 0xff, 0x22, 0x31, 0xd3, 0xff, 0x21, 0x30, 0xd3, 0xff, 0x20, 0x2f, 0xd2, 0xff, 0x21, 0x2f, 0xd2, 0xff, 0x22, 0x30, 0xd2, 0xff, 0x22, 0x2f, 0xd2, 0xff, 0x21, 0x2f, 0xd3, 0xff, 0x21, 0x30, 0xd2, 0xff, 0x21, 0x31, 0xd2, 0xff, 0x21, 0x32, 0xd3, 0xff, 0x22, 0x32, 0xd4, 0xff, 0x23, 0x31, 0xd4, 0xff, 0x22, 0x31, 0xd4, 0xff, 
  0x21, 0x34, 0xf3, 0xff, 0x20, 0x33, 0xf2, 0xff, 0x20, 0x33, 0xf2, 0xff, 0x20, 0x32, 0xf2, 0xff, 0x1f, 0x30, 0xf3, 0xff, 0x1f, 0x30, 0xf2, 0xff, 0x20, 0x31, 0xf2, 0xff, 0x20, 0x30, 0xf2, 0xff, 0x20, 0x30, 0xf2, 0xff, 0x21, 0x31, 0xf2, 0xff, 0x21, 0x32, 0xf3, 0xff, 0x21, 0x33, 0xf3, 0xff, 0x21, 0x33, 0xf3, 0xff, 0x21, 0x32, 0xf3, 0xff, 0x21, 0x32, 0xf3, 0xff, 
  0x21, 0x34, 0xfc, 0xff, 0x21, 0x33, 0xfa, 0xff, 0x21, 0x33, 0xfa, 0xff, 0x21, 0x33, 0xfb, 0xff, 0x20, 0x32, 0xfb, 0xff, 0x20, 0x32, 0xfb, 0xff, 0x21, 0x32, 0xfa, 0xff, 0x21, 0x31, 0xfa, 0xff, 0x20, 0x31, 0xfa, 0xff, 0x21, 0x31, 0xfb, 0xff, 0x21, 0x31, 0xfb, 0xff, 0x21, 0x32, 0xfb, 0xff, 0x22, 0x33, 0xfc, 0xff, 0x22, 0x33, 0xfc, 0xff, 0x21, 0x33, 0xfc, 0xff, 
  0x20, 0x34, 0xfd, 0xff, 0x20, 0x33, 0xfc, 0xff, 0x20, 0x33, 0xfc, 0xff, 0x20, 0x33, 0xfd, 0xff, 0x20, 0x33, 0xfd, 0xff, 0x21, 0x33, 0xfd, 0xff, 0x21, 0x32, 0xfc, 0xff, 0x20, 0x31, 0xfc, 0xff, 0x1f, 0x31, 0xfd, 0xff, 0x20, 0x31, 0xfd, 0xff, 0x20, 0x31, 0xfd, 0xff, 0x20, 0x31, 0xfd, 0xff, 0x21, 0x32, 0xfd, 0xff, 0x22, 0x33, 0xfd, 0xff, 0x21, 0x33, 0xfd, 0xff, 
  0x20, 0x34, 0xfe, 0xff, 0x1f, 0x33, 0xfd, 0xff, 0x1f, 0x33, 0xfd, 0xff, 0x1f, 0x32, 0xfd, 0xff, 0x20, 0x32, 0xfd, 0xff, 0x20, 0x32, 0xfd, 0xff, 0x21, 0x32, 0xfd, 0xff, 0x21, 0x31, 0xfd, 0xff, 0x1f, 0x31, 0xfd, 0xff, 0x20, 0x31, 0xfe, 0xff, 0x20, 0x30, 0xfd, 0xff, 0x1f, 0x30, 0xfd, 0xff, 0x21, 0x31, 0xfe, 0xff, 0x22, 0x33, 0xfd, 0xff, 0x22, 0x33, 0xfd, 0xff, 
  0x21, 0x35, 0xfe, 0xff, 0x1f, 0x33, 0xfe, 0xff, 0x1e, 0x32, 0xfe, 0xff, 0x1e, 0x31, 0xfd, 0xff, 0x1f, 0x30, 0xfd, 0xff, 0x1f, 0x31, 0xfe, 0xff, 0x20, 0x31, 0xfe, 0xff, 0x1f, 0x30, 0xfd, 0xff, 0x1d, 0x2f, 0xfd, 0xff, 0x1e, 0x2f, 0xfe, 0xff, 0x1e, 0x2f, 0xfe, 0xff, 0x1e, 0x2f, 0xfe, 0xff, 0x20, 0x30, 0xfe, 0xff, 0x21, 0x32, 0xfd, 0xff, 0x22, 0x33, 0xfd, 0xff, 
  0x22, 0x35, 0xfc, 0xff, 0x1f, 0x32, 0xfc, 0xff, 0x1e, 0x31, 0xfc, 0xff, 0x1e, 0x30, 0xfb, 0xff, 0x1e, 0x2f, 0xfb, 0xff, 0x1e, 0x30, 0xfc, 0xff, 0x1f, 0x30, 0xfc, 0xff, 0x1e, 0x2f, 0xfc, 0xff, 0x1c, 0x2e, 0xfc, 0xff, 0x1d, 0x2e, 0xfc, 0xff, 0x1e, 0x2e, 0xfc, 0xff, 0x1f, 0x2f, 0xfc, 0xff, 0x20, 0x30, 0xfc, 0xff, 0x21, 0x32, 0xfb, 0xff, 0x22, 0x33, 0xfb, 0xff, 
  0x22, 0x33, 0xf2, 0xff, 0x21, 0x31, 0xf2, 0xff, 0x20, 0x2f, 0xf2, 0xff, 0x1f, 0x2f, 0xf1, 0xff, 0x1f, 0x2e, 0xf1, 0xff, 0x1f, 0x2f, 0xf2, 0xff, 0x20, 0x30, 0xf2, 0xff, 0x20, 0x2e, 0xf2, 0xff, 0x1e, 0x2d, 0xf2, 0xff, 0x1e, 0x2d, 0xf2, 0xff, 0x1f, 0x2e, 0xf2, 0xff, 0x21, 0x30, 0xf2, 0xff, 0x22, 0x31, 0xf2, 0xff, 0x22, 0x32, 0xf1, 0xff, 0x23, 0x34, 0xf1, 0xff, 
  0x24, 0x31, 0xc9, 0xff, 0x23, 0x2f, 0xc9, 0xff, 0x22, 0x2e, 0xc9, 0xff, 0x22, 0x2e, 0xc9, 0xff, 0x22, 0x2e, 0xc9, 0xff, 0x23, 0x2e, 0xc9, 0xff, 0x23, 0x2f, 0xc9, 0xff, 0x23, 0x2f, 0xc9, 0xff, 0x22, 0x2d, 0xc9, 0xff, 0x22, 0x2d, 0xc9, 0xff, 0x23, 0x2e, 0xc9, 0xff, 0x24, 0x2f, 0xc9, 0xff, 0x25, 0x2f, 0xc9, 0xff, 0x25, 0x30, 0xc9, 0xff, 0x25, 0x32, 0xc9, 0xff, 
  0x28, 0x30, 0x84, 0xff, 0x27, 0x2e, 0x84, 0xff, 0x26, 0x2d, 0x84, 0xff, 0x26, 0x2d, 0x84, 0xff, 0x26, 0x2e, 0x84, 0xff, 0x27, 0x2e, 0x84, 0xff, 0x27, 0x2e, 0x84, 0xff, 0x27, 0x2f, 0x84, 0xff, 0x27, 0x2e, 0x84, 0xff, 0x27, 0x2e, 0x84, 0xff, 0x27, 0x2e, 0x84, 0xff, 0x28, 0x2f, 0x84, 0xff, 0x29, 0x2e, 0x84, 0xff, 0x29, 0x2f, 0x84, 0xff, 0x29, 0x31, 0x84, 0xff, 
  0x2a, 0x32, 0x66, 0xff, 0x29, 0x31, 0x66, 0xff, 0x28, 0x30, 0x66, 0xff, 0x28, 0x30, 0x66, 0xff, 0x28, 0x30, 0x67, 0xff, 0x29, 0x31, 0x67, 0xff, 0x29, 0x31, 0x67, 0xff, 0x29, 0x31, 0x67, 0xff, 0x29, 0x31, 0x67, 0xff, 0x29, 0x31, 0x66, 0xff, 0x29, 0x31, 0x66, 0xff, 0x29, 0x31, 0x67, 0xff, 0x2a, 0x31, 0x66, 0xff, 0x2a, 0x31, 0x66, 0xff, 0x2a, 0x32, 0x67, 0xff, 
  0x28, 0x39, 0x8b, 0xff, 0x27, 0x38, 0x8b, 0xff, 0x26, 0x36, 0x8b, 0xff, 0x26, 0x36, 0x8b, 0xff, 0x26, 0x36, 0x8c, 0xff, 0x27, 0x37, 0x8c, 0xff, 0x27, 0x37, 0x8c, 0xff, 0x27, 0x37, 0x8c, 0xff, 0x27, 0x37, 0x8c, 0xff, 0x27, 0x37, 0x8b, 0xff, 0x27, 0x37, 0x8b, 0xff, 0x28, 0x37, 0x8c, 0xff, 0x27, 0x37, 0x8b, 0xff, 0x27, 0x37, 0x8b, 0xff, 0x27, 0x38, 0x8c, 0xff, 
  0x24, 0x40, 0xca, 0xff, 0x24, 0x3f, 0xca, 0xff, 0x23, 0x3d, 0xc9, 0xff, 0x22, 0x3d, 0xc9, 0xff, 0x23, 0x3d, 0xc9, 0xff, 0x24, 0x3e, 0xc9, 0xff, 0x24, 0x3e, 0xc9, 0xff, 0x24, 0x3e, 0xc9, 0xff, 0x24, 0x3e, 0xc9, 0xff, 0x23, 0x3e, 0xc9, 0xff, 0x24, 0x3e, 0xc9, 0xff, 0x24, 0x3e, 0xc9, 0xff, 0x23, 0x3e, 0xc9, 0xff, 0x23, 0x3e, 0xc9, 0xff, 0x24, 0x3f, 0xc9, 0xff, 
  0x22, 0x45, 0xf0, 0xff, 0x21, 0x44, 0xf0, 0xff, 0x20, 0x42, 0xf0, 0xff, 0x1f, 0x42, 0xf0, 0xff, 0x1f, 0x42, 0xf0, 0xff, 0x21, 0x43, 0xf0, 0xff, 0x22, 0x43, 0xf0, 0xff, 0x22, 0x43, 0xf0, 0xff, 0x22, 0x43, 0xf0, 0xff, 0x21, 0x43, 0xf0, 0xff, 0x21, 0x43, 0xf0, 0xff, 0x21, 0x43, 0xf0, 0xff, 0x21, 0x42, 0xf0, 0xff, 0x21, 0x42, 0xef, 0xff, 0x22, 0x44, 0xef, 0xff, 
  0x21, 0x48, 0xfd, 0xff, 0x20, 0x46, 0xfd, 0xff, 0x1e, 0x44, 0xfd, 0xff, 0x1c, 0x42, 0xfd, 0xff, 0x1c, 0x42, 0xfd, 0xff, 0x1e, 0x44, 0xfd, 0xff, 0x20, 0x46, 0xfd, 0xff, 0x20, 0x46, 0xfd, 0xff, 0x20, 0x46, 0xfd, 0xff, 0x20, 0x45, 0xfd, 0xff, 0x20, 0x44, 0xfd, 0xff, 0x1f, 0x43, 0xfd, 0xff, 0x1f, 0x43, 0xfd, 0xff, 0x20, 0x44, 0xfc, 0xff, 0x20, 0x45, 0xfc, 0xff, 
  0x20, 0x48, 0xfe, 0xff, 0x1f, 0x46, 0xfe, 0xff, 0x1d, 0x44, 0xfe, 0xff, 0x1c, 0x42, 0xfe, 0xff, 0x1c, 0x42, 0xfe, 0xff, 0x1e, 0x45, 0xfe, 0xff, 0x20, 0x47, 0xfe, 0xff, 0x1f, 0x46, 0xfe, 0xff, 0x1f, 0x46, 0xfe, 0xff, 0x1f, 0x45, 0xfe, 0xff, 0x1f, 0x44, 0xfe, 0xff, 0x1f, 0x43, 0xfe, 0xff, 0x1f, 0x43, 0xfe, 0xff, 0x1f, 0x44, 0xfe, 0xff, 0x20, 0x45, 0xfe, 0xff, 
  0x21, 0x47, 0xfe, 0xff, 0x1f, 0x45, 0xfe, 0xff, 0x1e, 0x44, 0xfe, 0xff, 0x1d, 0x43, 0xfe, 0xff, 0x1c, 0x43, 0xfe, 0xff, 0x1e, 0x44, 0xfe, 0xff, 0x1f, 0x46, 0xfe, 0xff, 0x1f, 0x45, 0xfe, 0xff, 0x1e, 0x45, 0xfe, 0xff, 0x1e, 0x44, 0xfe, 0xff, 0x1e, 0x43, 0xfe, 0xff, 0x1e, 0x42, 0xfe, 0xff, 0x1e, 0x42, 0xfe, 0xff, 0x1f, 0x43, 0xfe, 0xff, 0x20, 0x44, 0xfe, 0xff, 
  0x21, 0x47, 0xfe, 0xff, 0x20, 0x45, 0xfe, 0xff, 0x1f, 0x45, 0xfe, 0xff, 0x1e, 0x44, 0xfe, 0xff, 0x1d, 0x43, 0xfe, 0xff, 0x1e, 0x43, 0xfe, 0xff, 0x1f, 0x44, 0xfe, 0xff, 0x1e, 0x44, 0xfe, 0xff, 0x1e, 0x44, 0xfe, 0xff, 0x1e, 0x43, 0xfe, 0xff, 0x1e, 0x43, 0xfe, 0xff, 0x1e, 0x43, 0xfe, 0xff, 0x1f, 0x43, 0xfe, 0xff, 0x1e, 0x44, 0xfe, 0xff, 0x1f, 0x44, 0xfe, 0xff, 
  0x22, 0x47, 0xfe, 0xff, 0x20, 0x46, 0xfe, 0xff, 0x1f, 0x45, 0xfe, 0xff, 0x1e, 0x44, 0xfe, 0xff, 0x1e, 0x43, 0xfe, 0xff, 0x1e, 0x42, 0xfe, 0xff, 0x1e, 0x43, 0xfe, 0xff, 0x1f, 0x44, 0xfe, 0xff, 0x1f, 0x44, 0xfe, 0xff, 0x1f, 0x44, 0xfe, 0xff, 0x1f, 0x43, 0xfe, 0xff, 0x1f, 0x43, 0xfe, 0xff, 0x1f, 0x44, 0xfe, 0xff, 0x1e, 0x44, 0xfe, 0xff, 0x1f, 0x44, 0xfe, 0xff, 
  0x23, 0x45, 0xf3, 0xff, 0x21, 0x44, 0xf3, 0xff, 0x20, 0x43, 0xf3, 0xff, 0x20, 0x42, 0xf3, 0xff, 0x1f, 0x41, 0xf3, 0xff, 0x1f, 0x40, 0xf3, 0xff, 0x1f, 0x41, 0xf3, 0xff, 0x20, 0x42, 0xf3, 0xff, 0x20, 0x42, 0xf3, 0xff, 0x20, 0x42, 0xf3, 0xff, 0x20, 0x41, 0xf3, 0xff, 0x20, 0x41, 0xf3, 0xff, 0x21, 0x42, 0xf3, 0xff, 0x20, 0x43, 0xf3, 0xff, 0x20, 0x43, 0xf3, 0xff, 
  0x25, 0x3f, 0xc2, 0xff, 0x24, 0x3e, 0xc2, 0xff, 0x23, 0x3e, 0xc2, 0xff, 0x23, 0x3e, 0xc2, 0xff, 0x22, 0x3d, 0xc2, 0xff, 0x22, 0x3c, 0xc2, 0xff, 0x22, 0x3c, 0xc2, 0xff, 0x22, 0x3c, 0xc2, 0xff, 0x22, 0x3c, 0xc2, 0xff, 0x23, 0x3d, 0xc2, 0xff, 0x23, 0x3d, 0xc2, 0xff, 0x23, 0x3d, 0xc3, 0xff, 0x24, 0x3e, 0xc4, 0xff, 0x24, 0x3f, 0xc3, 0xff, 0x24, 0x3f, 0xc3, 0xff, 
  0x28, 0x37, 0x81, 0xff, 0x27, 0x36, 0x80, 0xff, 0x27, 0x36, 0x80, 0xff, 0x27, 0x36, 0x81, 0xff, 0x26, 0x35, 0x81, 0xff, 0x26, 0x34, 0x81, 0xff, 0x26, 0x34, 0x81, 0xff, 0x26, 0x34, 0x81, 0xff, 0x26, 0x34, 0x81, 0xff, 0x27, 0x35, 0x81, 0xff, 0x27, 0x35, 0x82, 0xff, 0x28, 0x36, 0x83, 0xff, 0x29, 0x37, 0x83, 0xff, 0x29, 0x37, 0x83, 0xff, 0x29, 0x37, 0x83, 0xff, 
  0x2a, 0x38, 0x65, 0xff, 0x28, 0x36, 0x64, 0xff, 0x28, 0x36, 0x64, 0xff, 0x28, 0x36, 0x64, 0xff, 0x27, 0x35, 0x64, 0xff, 0x27, 0x35, 0x64, 0xff, 0x28, 0x35, 0x65, 0xff, 0x28, 0x35, 0x65, 0xff, 0x29, 0x35, 0x65, 0xff, 0x28, 0x36, 0x65, 0xff, 0x28, 0x36, 0x66, 0xff, 0x29, 0x36, 0x66, 0xff, 0x2a, 0x37, 0x66, 0xff, 0x2a, 0x37, 0x66, 0xff, 0x2a, 0x38, 0x66, 0xff, 
  0x27, 0x43, 0x88, 0xff, 0x26, 0x43, 0x87, 0xff, 0x26, 0x42, 0x87, 0xff, 0x26, 0x42, 0x87, 0xff, 0x25, 0x41, 0x87, 0xff, 0x24, 0x41, 0x87, 0xff, 0x26, 0x42, 0x88, 0xff, 0x26, 0x42, 0x88, 0xff, 0x26, 0x42, 0x88, 0xff, 0x25, 0x42, 0x88, 0xff, 0x25, 0x41, 0x89, 0xff, 0x25, 0x41, 0x89, 0xff, 0x26, 0x42, 0x89, 0xff, 0x27, 0x42, 0x89, 0xff, 0x27, 0x43, 0x88, 0xff, 
  0x23, 0x54, 0xd0, 0xff, 0x22, 0x54, 0xd0, 0xff, 0x22, 0x54, 0xd0, 0xff, 0x22, 0x54, 0xd0, 0xff, 0x21, 0x53, 0xd0, 0xff, 0x20, 0x52, 0xd0, 0xff, 0x22, 0x53, 0xd0, 0xff, 0x22, 0x53, 0xd0, 0xff, 0x22, 0x53, 0xd0, 0xff, 0x21, 0x53, 0xd0, 0xff, 0x20, 0x52, 0xd0, 0xff, 0x21, 0x52, 0xd0, 0xff, 0x22, 0x53, 0xd0, 0xff, 0x22, 0x53, 0xd0, 0xff, 0x23, 0x54, 0xd0, 0xff, 
  0x21, 0x5d, 0xf7, 0xff, 0x20, 0x5d, 0xf7, 0xff, 0x20, 0x5d, 0xf7, 0xff, 0x1f, 0x5c, 0xf7, 0xff, 0x1e, 0x5b, 0xf7, 0xff, 0x1e, 0x5b, 0xf7, 0xff, 0x1f, 0x5b, 0xf7, 0xff, 0x1f, 0x5b, 0xf7, 0xff, 0x1f, 0x5b, 0xf7, 0xff, 0x1f, 0x5b, 0xf7, 0xff, 0x1e, 0x5a, 0xf7, 0xff, 0x1f, 0x5a, 0xf7, 0xff, 0x20, 0x5b, 0xf7, 0xff, 0x20, 0x5c, 0xf7, 0xff, 0x21, 0x5c, 0xf7, 0xff, 
  0x1f, 0x60, 0xfe, 0xff, 0x1f, 0x5f, 0xfe, 0xff, 0x1e, 0x5e, 0xfe, 0xff, 0x1d, 0x5d, 0xfe, 0xff, 0x1c, 0x5d, 0xfe, 0xff, 0x1c, 0x5c, 0xfe, 0xff, 0x1c, 0x5c, 0xfe, 0xff, 0x1c, 0x5c, 0xfe, 0xff, 0x1d, 0x5c, 0xfe, 0xff, 0x1e, 0x5d, 0xfe, 0xff, 0x1e, 0x5d, 0xfe, 0xff, 0x1e, 0x5d, 0xfe, 0xff, 0x1f, 0x5e, 0xfe, 0xff, 0x1f, 0x5f, 0xfe, 0xff, 0x1f, 0x5e, 0xfe, 0xff, 
  0x1f, 0x60, 0xfe, 0xff, 0x1e, 0x5f, 0xfe, 0xff, 0x1d, 0x5d, 0xfe, 0xff, 0x1d, 0x5c, 0xfe, 0xff, 0x1c, 0x5c, 0xfe, 0xff, 0x1b, 0x5b, 0xfe, 0xff, 0x1b, 0x5b, 0xfe, 0xff, 0x1c, 0x5c, 0xfe, 0xff, 0x1e, 0x5d, 0xfe, 0xff, 0x1f, 0x5e, 0xfe, 0xff, 0x1f, 0x5e, 0xfe, 0xff, 0x1f, 0x5d, 0xfe, 0xff, 0x1f, 0x5e, 0xfe, 0xff, 0x20, 0x5f, 0xfe, 0xff, 0x1f, 0x5f, 0xfe, 0xff, 
  0x1f, 0x60, 0xfe, 0xff, 0x1e, 0x5f, 0xfe, 0xff, 0x1e, 0x5e, 0xfe, 0xff, 0x1d, 0x5d, 0xfe, 0xff, 0x1c, 0x5c, 0xfe, 0xff, 0x1c, 0x5c, 0xfe, 0xff, 0x1c, 0x5c, 0xfe, 0xff, 0x1d, 0x5d, 0xfe, 0xff, 0x1e, 0x5d, 0xfe, 0xff, 0x1f, 0x5e, 0xfe, 0xff, 0x1f, 0x5d, 0xfe, 0xff, 0x1f, 0x5d, 0xfe, 0xff, 0x20, 0x5e, 0xfe, 0xff, 0x20, 0x5f, 0xfe, 0xff, 0x20, 0x5f, 0xfe, 0xff, 
  0x1f, 0x60, 0xfe, 0xff, 0x1f, 0x5f, 0xfe, 0xff, 0x1f, 0x5e, 0xfd, 0xff, 0x1e, 0x5d, 0xfd, 0xff, 0x1d, 0x5d, 0xfe, 0xff, 0x1d, 0x5d, 0xfe, 0xff, 0x1d, 0x5d, 0xfe, 0xff, 0x1e, 0x5d, 0xfe, 0xff, 0x1f, 0x5e, 0xfe, 0xff, 0x1f, 0x5d, 0xfe, 0xff, 0x1f, 0x5d, 0xfe, 0xff, 0x1f, 0x5d, 0xfe, 0xff, 0x20, 0x5e, 0xfe, 0xff, 0x21, 0x5e, 0xfd, 0xff, 0x21, 0x5e, 0xfd, 0xff, 
  0x1e, 0x5e, 0xfb, 0xff, 0x1f, 0x5e, 0xfb, 0xff, 0x1e, 0x5d, 0xfb, 0xff, 0x1d, 0x5b, 0xfb, 0xff, 0x1d, 0x5b, 0xfb, 0xff, 0x1e, 0x5c, 0xfb, 0xff, 0x1f, 0x5c, 0xfb, 0xff, 0x1f, 0x5c, 0xfb, 0xff, 0x1f, 0x5c, 0xfb, 0xff, 0x1f, 0x5b, 0xfb, 0xff, 0x1f, 0x5b, 0xfb, 0xff, 0x20, 0x5d, 0xfb, 0xff, 0x21, 0x5d, 0xfb, 0xff, 0x21, 0x5d, 0xfb, 0xff, 0x21, 0x5d, 0xfb, 0xff, 
  0x1f, 0x59, 0xec, 0xff, 0x20, 0x59, 0xec, 0xff, 0x1f, 0x58, 0xec, 0xff, 0x1e, 0x57, 0xec, 0xff, 0x1e, 0x57, 0xec, 0xff, 0x1f, 0x58, 0xec, 0xff, 0x20, 0x57, 0xec, 0xff, 0x20, 0x57, 0xec, 0xff, 0x20, 0x57, 0xec, 0xff, 0x20, 0x57, 0xec, 0xff, 0x20, 0x57, 0xec, 0xff, 0x21, 0x58, 0xec, 0xff, 0x22, 0x59, 0xec, 0xff, 0x22, 0x5a, 0xec, 0xff, 0x23, 0x5a, 0xec, 0xff, 
  0x21, 0x51, 0xca, 0xff, 0x22, 0x50, 0xc9, 0xff, 0x21, 0x50, 0xc9, 0xff, 0x20, 0x4f, 0xc9, 0xff, 0x20, 0x4f, 0xc9, 0xff, 0x21, 0x50, 0xc9, 0xff, 0x22, 0x4f, 0xc9, 0xff, 0x22, 0x4f, 0xca, 0xff, 0x22, 0x4f, 0xca, 0xff, 0x22, 0x4f, 0xca, 0xff, 0x22, 0x4f, 0xca, 0xff, 0x23, 0x50, 0xca, 0xff, 0x24, 0x51, 0xc9, 0xff, 0x24, 0x52, 0xc9, 0xff, 0x25, 0x52, 0xca, 0xff, 
  0x26, 0x45, 0x93, 0xff, 0x26, 0x44, 0x92, 0xff, 0x25, 0x44, 0x92, 0xff, 0x25, 0x43, 0x92, 0xff, 0x25, 0x43, 0x92, 0xff, 0x26, 0x44, 0x92, 0xff, 0x25, 0x43, 0x92, 0xff, 0x25, 0x43, 0x93, 0xff, 0x26, 0x43, 0x93, 0xff, 0x27, 0x43, 0x93, 0xff, 0x27, 0x44, 0x93, 0xff, 0x27, 0x44, 0x93, 0xff, 0x28, 0x45, 0x93, 0xff, 0x29, 0x46, 0x93, 0xff, 0x29, 0x46, 0x94, 0xff, 
  0x29, 0x3f, 0x6a, 0xff, 0x28, 0x3e, 0x69, 0xff, 0x28, 0x3e, 0x68, 0xff, 0x27, 0x3d, 0x68, 0xff, 0x27, 0x3d, 0x69, 0xff, 0x28, 0x3e, 0x68, 0xff, 0x27, 0x3d, 0x68, 0xff, 0x27, 0x3d, 0x69, 0xff, 0x28, 0x3d, 0x69, 0xff, 0x29, 0x3d, 0x6a, 0xff, 0x29, 0x3e, 0x69, 0xff, 0x29, 0x3e, 0x69, 0xff, 0x2a, 0x3e, 0x6a, 0xff, 0x2b, 0x3f, 0x6a, 0xff, 0x2b, 0x40, 0x6a, 0xff, 
  0x27, 0x4b, 0x7d, 0xff, 0x26, 0x4a, 0x7c, 0xff, 0x26, 0x49, 0x7b, 0xff, 0x25, 0x49, 0x7b, 0xff, 0x25, 0x49, 0x7c, 0xff, 0x26, 0x4a, 0x7b, 0xff, 0x26, 0x4a, 0x7b, 0xff, 0x26, 0x49, 0x7b, 0xff, 0x26, 0x49, 0x7b, 0xff, 0x26, 0x4a, 0x7c, 0xff, 0x26, 0x4a, 0x7c, 0xff, 0x26, 0x4a, 0x7c, 0xff, 0x28, 0x4a, 0x7c, 0xff, 0x28, 0x4a, 0x7c, 0xff, 0x28, 0x4b, 0x7c, 0xff, 
  0x21, 0x64, 0xbe, 0xff, 0x21, 0x63, 0xbe, 0xff, 0x20, 0x62, 0xbd, 0xff, 0x1f, 0x62, 0xbd, 0xff, 0x1f, 0x62, 0xbe, 0xff, 0x20, 0x63, 0xbd, 0xff, 0x20, 0x63, 0xbd, 0xff, 0x20, 0x62, 0xbd, 0xff, 0x21, 0x62, 0xbd, 0xff, 0x20, 0x63, 0xbe, 0xff, 0x20, 0x63, 0xbe, 0xff, 0x21, 0x63, 0xbe, 0xff, 0x22, 0x63, 0xbe, 0xff, 0x23, 0x63, 0xbe, 0xff, 0x22, 0x64, 0xbe, 0xff, 
  0x1c, 0x75, 0xeb, 0xff, 0x1c, 0x74, 0xeb, 0xff, 0x1b, 0x73, 0xeb, 0xff, 0x1a, 0x73, 0xeb, 0xff, 0x1a, 0x73, 0xec, 0xff, 0x1b, 0x74, 0xeb, 0xff, 0x1b, 0x75, 0xeb, 0xff, 0x1b, 0x74, 0xeb, 0xff, 0x1c, 0x73, 0xec, 0xff, 0x1b, 0x74, 0xeb, 0xff, 0x1b, 0x74, 0xeb, 0xff, 0x1c, 0x74, 0xeb, 0xff, 0x1d, 0x74, 0xec, 0xff, 0x1e, 0x74, 0xec, 0xff, 0x1d, 0x75, 0xec, 0xff, 
  0x1a, 0x7b, 0xfb, 0xff, 0x1a, 0x7a, 0xfb, 0xff, 0x19, 0x79, 0xfa, 0xff, 0x18, 0x79, 0xfa, 0xff, 0x18, 0x79, 0xfb, 0xff, 0x19, 0x79, 0xfa, 0xff, 0x19, 0x7a, 0xfa, 0xff, 0x19, 0x79, 0xfa, 0xff, 0x1a, 0x79, 0xfb, 0xff, 0x1a, 0x7a, 0xfb, 0xff, 0x1a, 0x7a, 0xfb, 0xff, 0x1b, 0x7a, 0xfb, 0xff, 0x1c, 0x7a, 0xfb, 0xff, 0x1c, 0x7a, 0xfb, 0xff, 0x1b, 0x7a, 0xfb, 0xff, 
  0x19, 0x7d, 0xfe, 0xff, 0x19, 0x7c, 0xfe, 0xff, 0x19, 0x7b, 0xfd, 0xff, 0x18, 0x7a, 0xfd, 0xff, 0x18, 0x79, 0xfd, 0xff, 0x18, 0x79, 0xfe, 0xff, 0x18, 0x7a, 0xfe, 0xff, 0x19, 0x7a, 0xfe, 0xff, 0x1a, 0x7a, 0xfe, 0xff, 0x1b, 0x7b, 0xfd, 0xff, 0x1b, 0x7b, 0xfd, 0xff, 0x1b, 0x7b, 0xfe, 0xff, 0x1b, 0x7b, 0xfd, 0xff, 0x1c, 0x7b, 0xfd, 0xff, 0x1b, 0x7b, 0xfe, 0xff, 
  0x1a, 0x7d, 0xfe, 0xff, 0x19, 0x7c, 0xfe, 0xff, 0x19, 0x7b, 0xfd, 0xff, 0x18, 0x7a, 0xfd, 0xff, 0x18, 0x79, 0xfd, 0xff, 0x18, 0x79, 0xfe, 0xff, 0x18, 0x7a, 0xfe, 0xff, 0x19, 0x7a, 0xfe, 0xff, 0x1a, 0x7a, 0xfe, 0xff, 0x1b, 0x7b, 0xfd, 0xff, 0x1b, 0x7b, 0xfd, 0xff, 0x1b, 0x7b, 0xfe, 0xff, 0x1b, 0x7b, 0xfd, 0xff, 0x1c, 0x7b, 0xfd, 0xff, 0x1b, 0x7b, 0xfe, 0xff, 
  0x1c, 0x7c, 0xfe, 0xff, 0x19, 0x7b, 0xfe, 0xff, 0x18, 0x7a, 0xfd, 0xff, 0x18, 0x79, 0xfd, 0xff, 0x17, 0x78, 0xfe, 0xff, 0x18, 0x78, 0xfe, 0xff, 0x18, 0x78, 0xfe, 0xff, 0x19, 0x78, 0xfe, 0xff, 0x1a, 0x79, 0xfe, 0xff, 0x1b, 0x7a, 0xfe, 0xff, 0x1c, 0x7a, 0xfe, 0xff, 0x1c, 0x7a, 0xfe, 0xff, 0x1c, 0x7a, 0xfe, 0xff, 0x1b, 0x7a, 0xfe, 0xff, 0x1b, 0x7a, 0xfd, 0xff, 
  0x1c, 0x7b, 0xfd, 0xff, 0x1a, 0x7a, 0xfe, 0xff, 0x19, 0x79, 0xfe, 0xff, 0x18, 0x78, 0xfe, 0xff, 0x17, 0x77, 0xfe, 0xff, 0x17, 0x77, 0xfe, 0xff, 0x18, 0x77, 0xfe, 0xff, 0x19, 0x77, 0xfe, 0xff, 0x19, 0x78, 0xfe, 0xff, 0x1b, 0x79, 0xfd, 0xff, 0x1b, 0x79, 0xfd, 0xff, 0x1b, 0x79, 0xfe, 0xff, 0x1c, 0x79, 0xfe, 0xff, 0x1c, 0x79, 0xfe, 0xff, 0x1c, 0x7a, 0xfe, 0xff, 
  0x1b, 0x78, 0xfc, 0xff, 0x1a, 0x77, 0xfc, 0xff, 0x19, 0x76, 0xfc, 0xff, 0x18, 0x76, 0xfc, 0xff, 0x17, 0x75, 0xfc, 0xff, 0x17, 0x75, 0xfc, 0xff, 0x18, 0x76, 0xfc, 0xff, 0x19, 0x76, 0xfc, 0xff, 0x1a, 0x76, 0xfc, 0xff, 0x1a, 0x76, 0xfc, 0xff, 0x1b, 0x76, 0xfc, 0xff, 0x1b, 0x78, 0xfc, 0xff, 0x1b, 0x78, 0xfc, 0xff, 0x1b, 0x78, 0xfc, 0xff, 0x1c, 0x79, 0xfb, 0xff, 
  0x1c, 0x72, 0xea, 0xff, 0x1c, 0x71, 0xea, 0xff, 0x1b, 0x70, 0xea, 0xff, 0x1b, 0x70, 0xea, 0xff, 0x1a, 0x70, 0xea, 0xff, 0x1a, 0x70, 0xea, 0xff, 0x1a, 0x70, 0xea, 0xff, 0x1b, 0x70, 0xea, 0xff, 0x1c, 0x70, 0xea, 0xff, 0x1b, 0x70, 0xea, 0xff, 0x1b, 0x70, 0xea, 0xff, 0x1b, 0x71, 0xea, 0xff, 0x1c, 0x72, 0xeb, 0xff, 0x1d, 0x72, 0xeb, 0xff, 0x1e, 0x73, 0xeb, 0xff, 
  0x26, 0x50, 0x8c, 0xff, 0x25, 0x4e, 0x8c, 0xff, 0x24, 0x4e, 0x8b, 0xff, 0x24, 0x4e, 0x8b, 0xff, 0x24, 0x4d, 0x8b, 0xff, 0x23, 0x4d, 0x8b, 0xff, 0x23, 0x4d, 0x8b, 0xff, 0x24, 0x4e, 0x8b, 0xff, 0x25, 0x4e, 0x8c, 0xff, 0x24, 0x4e, 0x8c, 0xff, 0x24, 0x4e, 0x8c, 0xff, 0x24, 0x4f, 0x8c, 0xff, 0x25, 0x50, 0x8d, 0xff, 0x26, 0x50, 0x8d, 0xff, 0x27, 0x51, 0x8d, 0xff, 
  0x2b, 0x39, 0x48, 0xff, 0x2a, 0x38, 0x48, 0xff, 0x2a, 0x38, 0x48, 0xff, 0x2a, 0x38, 0x47, 0xff, 0x29, 0x37, 0x47, 0xff, 0x29, 0x37, 0x47, 0xff, 0x29, 0x37, 0x47, 0xff, 0x2a, 0x38, 0x47, 0xff, 0x2a, 0x38, 0x48, 0xff, 0x2a, 0x38, 0x48, 0xff, 0x2a, 0x38, 0x48, 0xff, 0x2a, 0x39, 0x48, 0xff, 0x2b, 0x39, 0x48, 0xff, 0x2c, 0x39, 0x49, 0xff, 0x2d, 0x3a, 0x4a, 0xff, 
  0x26, 0x51, 0x70, 0xff, 0x25, 0x50, 0x70, 0xff, 0x25, 0x50, 0x6f, 0xff, 0x25, 0x4f, 0x6e, 0xff, 0x24, 0x4f, 0x6e, 0xff, 0x24, 0x4f, 0x6e, 0xff, 0x24, 0x4f, 0x6e, 0xff, 0x25, 0x50, 0x6f, 0xff, 0x25, 0x50, 0x70, 0xff, 0x25, 0x50, 0x70, 0xff, 0x25, 0x50, 0x70, 0xff, 0x25, 0x50, 0x70, 0xff, 0x26, 0x50, 0x70, 0xff, 0x27, 0x51, 0x70, 0xff, 0x28, 0x51, 0x6f, 0xff, 
  0x1a, 0x7e, 0xc5, 0xff, 0x19, 0x7e, 0xc5, 0xff, 0x18, 0x7e, 0xc5, 0xff, 0x18, 0x7d, 0xc4, 0xff, 0x18, 0x7d, 0xc4, 0xff, 0x17, 0x7d, 0xc4, 0xff, 0x17, 0x7d, 0xc4, 0xff, 0x18, 0x7d, 0xc5, 0xff, 0x18, 0x7d, 0xc5, 0xff, 0x18, 0x7d, 0xc5, 0xff, 0x17, 0x7c, 0xc5, 0xff, 0x17, 0x7c, 0xc5, 0xff, 0x19, 0x7c, 0xc5, 0xff, 0x1a, 0x7d, 0xc5, 0xff, 0x1b, 0x7d, 0xc5, 0xff, 
  0x13, 0x98, 0xf6, 0xff, 0x12, 0x97, 0xf6, 0xff, 0x10, 0x97, 0xf6, 0xff, 0x10, 0x97, 0xf6, 0xff, 0x0f, 0x97, 0xf6, 0xff, 0x0e, 0x97, 0xf6, 0xff, 0x0f, 0x97, 0xf6, 0xff, 0x10, 0x97, 0xf6, 0xff, 0x10, 0x97, 0xf6, 0xff, 0x10, 0x97, 0xf6, 0xff, 0x0f, 0x96, 0xf6, 0xff, 0x10, 0x95, 0xf6, 0xff, 0x12, 0x96, 0xf6, 0xff, 0x13, 0x96, 0xf6, 0xff, 0x14, 0x96, 0xf6, 0xff, 
  0x12, 0x9c, 0xfd, 0xff, 0x11, 0x9b, 0xfd, 0xff, 0x0f, 0x9b, 0xfd, 0xff, 0x0f, 0x9b, 0xfd, 0xff, 0x0e, 0x9b, 0xfd, 0xff, 0x0d, 0x9b, 0xfd, 0xff, 0x0d, 0x9b, 0xfd, 0xff, 0x0e, 0x9b, 0xfd, 0xff, 0x0e, 0x9b, 0xfd, 0xff, 0x0f, 0x9b, 0xfd, 0xff, 0x0f, 0x9a, 0xfd, 0xff, 0x0f, 0x99, 0xfd, 0xff, 0x11, 0x9a, 0xfd, 0xff, 0x13, 0x9a, 0xfd, 0xff, 0x14, 0x9a, 0xfd, 0xff, 
  0x12, 0x9d, 0xfe, 0xff, 0x11, 0x9c, 0xfe, 0xff, 0x0f, 0x9c, 0xfe, 0xff, 0x0e, 0x9c, 0xfe, 0xff, 0x0d, 0x9d, 0xfe, 0xff, 0x0c, 0x9d, 0xfe, 0xff, 0x0c, 0x9c, 0xfe, 0xff, 0x0d, 0x9c, 0xfe, 0xff, 0x0e, 0x9c, 0xfe, 0xff, 0x10, 0x9d, 0xfe, 0xff, 0x10, 0x9c, 0xfe, 0xff, 0x10, 0x9b, 0xfe, 0xff, 0x10, 0x9c, 0xfd, 0xff, 0x12, 0x9c, 0xfd, 0xff, 0x13, 0x9c, 0xfe, 0xff, 
  0x11, 0x9d, 0xfe, 0xff, 0x10, 0x9d, 0xfe, 0xff, 0x0f, 0x9c, 0xfe, 0xff, 0x0d, 0x9c, 0xfe, 0xff, 0x0d, 0x9c, 0xfe, 0xff, 0x0d, 0x9c, 0xfe, 0xff, 0x0d, 0x9d, 0xfe, 0xff, 0x0d, 0x9c, 0xfe, 0xff, 0x0e, 0x9c, 0xfe, 0xff, 0x10, 0x9c, 0xfe, 0xff, 0x0f, 0x9c, 0xfe, 0xff, 0x10, 0x9b, 0xfe, 0xff, 0x11, 0x9b, 0xfe, 0xff, 0x11, 0x9c, 0xfe, 0xff, 0x12, 0x9d, 0xfe, 0xff, 
  0x11, 0x9e, 0xfe, 0xff, 0x11, 0x9d, 0xfe, 0xff, 0x10, 0x9b, 0xfe, 0xff, 0x0e, 0x9b, 0xfe, 0xff, 0x0c, 0x9b, 0xfe, 0xff, 0x0c, 0x9c, 0xfe, 0xff, 0x0d, 0x9d, 0xfe, 0xff, 0x0e, 0x9c, 0xfe, 0xff, 0x0f, 0x9c, 0xfe, 0xff, 0x10, 0x9c, 0xfe, 0xff, 0x10, 0x9b, 0xfe, 0xff, 0x10, 0x9b, 0xfe, 0xff, 0x10, 0x9b, 0xfe, 0xff, 0x12, 0x9c, 0xfe, 0xff, 0x13, 0x9d, 0xfe, 0xff, 
  0x12, 0x9e, 0xfe, 0xff, 0x12, 0x9d, 0xfe, 0xff, 0x10, 0x9b, 0xfe, 0xff, 0x0f, 0x9a, 0xfe, 0xff, 0x0e, 0x9a, 0xfe, 0xff, 0x0e, 0x9a, 0xfe, 0xff, 0x0e, 0x9b, 0xfe, 0xff, 0x0f, 0x9a, 0xfe, 0xff, 0x10, 0x9a, 0xfe, 0xff, 0x10, 0x9b, 0xfe, 0xff, 0x10, 0x9a, 0xfe, 0xff, 0x10, 0x9a, 0xfe, 0xff, 0x11, 0x9b, 0xfd, 0xff, 0x13, 0x9c, 0xfd, 0xff, 0x14, 0x9c, 0xfe, 0xff, 
  0x13, 0x9b, 0xfb, 0xff, 0x13, 0x9a, 0xfc, 0xff, 0x11, 0x9a, 0xfc, 0xff, 0x11, 0x99, 0xfc, 0xff, 0x10, 0x98, 0xfc, 0xff, 0x10, 0x98, 0xfc, 0xff, 0x10, 0x99, 0xfc, 0xff, 0x10, 0x98, 0xfc, 0xff, 0x10, 0x98, 0xfc, 0xff, 0x11, 0x99, 0xfc, 0xff, 0x11, 0x99, 0xfc, 0xff, 0x11, 0x99, 0xfc, 0xff, 0x11, 0x9a, 0xfb, 0xff, 0x13, 0x9b, 0xfb, 0xff, 0x15, 0x9b, 0xfc, 0xff, 
  0x16, 0x8a, 0xde, 0xff, 0x16, 0x8a, 0xde, 0xff, 0x16, 0x8a, 0xde, 0xff, 0x16, 0x89, 0xde, 0xff, 0x15, 0x89, 0xde, 0xff, 0x15, 0x89, 0xde, 0xff, 0x15, 0x88, 0xde, 0xff, 0x15, 0x88, 0xde, 0xff, 0x15, 0x88, 0xde, 0xff, 0x16, 0x89, 0xde, 0xff, 0x16, 0x89, 0xde, 0xff, 0x16, 0x89, 0xde, 0xff, 0x16, 0x8b, 0xde, 0xff, 0x17, 0x8c, 0xdf, 0xff, 0x18, 0x8c, 0xdf, 0xff, 
  0x20, 0x67, 0x9c, 0xff, 0x20, 0x67, 0x9b, 0xff, 0x1f, 0x66, 0x9a, 0xff, 0x1f, 0x66, 0x9a, 0xff, 0x1f, 0x66, 0x9b, 0xff, 0x1f, 0x66, 0x9b, 0xff, 0x1f, 0x65, 0x9b, 0xff, 0x1e, 0x65, 0x9a, 0xff, 0x1e, 0x65, 0x9a, 0xff, 0x1f, 0x66, 0x9a, 0xff, 0x1f, 0x66, 0x9b, 0xff, 0x1f, 0x66, 0x9c, 0xff, 0x1f, 0x68, 0x9c, 0xff, 0x20, 0x69, 0x9d, 0xff, 0x21, 0x69, 0x9d, 0xff, 
  0x27, 0x4e, 0x67, 0xff, 0x27, 0x4d, 0x66, 0xff, 0x26, 0x4c, 0x65, 0xff, 0x26, 0x4c, 0x65, 0xff, 0x26, 0x4d, 0x66, 0xff, 0x26, 0x4d, 0x66, 0xff, 0x26, 0x4c, 0x66, 0xff, 0x25, 0x4c, 0x65, 0xff, 0x25, 0x4c, 0x65, 0xff, 0x26, 0x4c, 0x65, 0xff, 0x26, 0x4d, 0x66, 0xff, 0x26, 0x4d, 0x67, 0xff, 0x26, 0x4e, 0x67, 0xff, 0x27, 0x4f, 0x68, 0xff, 0x28, 0x4f, 0x67, 0xff, 
  0x24, 0x5e, 0x76, 0xff, 0x23, 0x5d, 0x75, 0xff, 0x22, 0x5c, 0x75, 0xff, 0x22, 0x5c, 0x75, 0xff, 0x22, 0x5d, 0x75, 0xff, 0x22, 0x5d, 0x76, 0xff, 0x22, 0x5d, 0x75, 0xff, 0x21, 0x5d, 0x74, 0xff, 0x21, 0x5d, 0x74, 0xff, 0x22, 0x5d, 0x75, 0xff, 0x22, 0x5d, 0x75, 0xff, 0x22, 0x5d, 0x76, 0xff, 0x22, 0x5d, 0x77, 0xff, 0x23, 0x5e, 0x77, 0xff, 0x24, 0x5e, 0x76, 0xff, 
  0x1a, 0x87, 0xb1, 0xff, 0x19, 0x86, 0xb1, 0xff, 0x18, 0x85, 0xb1, 0xff, 0x17, 0x85, 0xb1, 0xff, 0x16, 0x85, 0xb1, 0xff, 0x17, 0x85, 0xb2, 0xff, 0x17, 0x85, 0xb1, 0xff, 0x17, 0x86, 0xb0, 0xff, 0x17, 0x86, 0xb0, 0xff, 0x17, 0x86, 0xb1, 0xff, 0x18, 0x86, 0xb1, 0xff, 0x18, 0x86, 0xb2, 0xff, 0x18, 0x86, 0xb2, 0xff, 0x19, 0x86, 0xb2, 0xff, 0x1a, 0x87, 0xb1, 0xff, 
  0x0d, 0xac, 0xe8, 0xff, 0x0c, 0xab, 0xe8, 0xff, 0x0c, 0xab, 0xe9, 0xff, 0x0a, 0xab, 0xe8, 0xff, 0x0a, 0xab, 0xe8, 0xff, 0x0a, 0xab, 0xe8, 0xff, 0x0b, 0xab, 0xe8, 0xff, 0x0b, 0xac, 0xe8, 0xff, 0x0b, 0xac, 0xe8, 0xff, 0x0b, 0xac, 0xe8, 0xff, 0x0c, 0xac, 0xe8, 0xff, 0x0c, 0xac, 0xe8, 0xff, 0x0d, 0xac, 0xe8, 0xff, 0x0d, 0xac, 0xe8, 0xff, 0x0d, 0xad, 0xe8, 0xff, 
  0x06, 0xba, 0xfb, 0xff, 0x05, 0xb9, 0xfb, 0xff, 0x06, 0xb8, 0xfc, 0xff, 0x06, 0xb9, 0xfb, 0xff, 0x06, 0xb9, 0xfb, 0xff, 0x05, 0xb9, 0xfb, 0xff, 0x04, 0xba, 0xfb, 0xff, 0x05, 0xba, 0xfb, 0xff, 0x06, 0xba, 0xfb, 0xff, 0x07, 0xba, 0xfb, 0xff, 0x08, 0xb9, 0xfb, 0xff, 0x08, 0xb9, 0xfc, 0xff, 0x09, 0xba, 0xfb, 0xff, 0x09, 0xba, 0xfb, 0xff, 0x08, 0xbb, 0xfc, 0xff, 
  0x05, 0xbd, 0xfe, 0xff, 0x04, 0xbb, 0xfd, 0xff, 0x04, 0xbb, 0xfd, 0xff, 0x04, 0xbc, 0xfe, 0xff, 0x04, 0xbc, 0xfd, 0xff, 0x03, 0xbc, 0xfd, 0xff, 0x03, 0xbc, 0xfd, 0xff, 0x04, 0xbc, 0xfd, 0xff, 0x05, 0xbd, 0xfd, 0xff, 0x05, 0xbc, 0xfd, 0xff, 0x06, 0xbc, 0xfd, 0xff, 0x08, 0xbc, 0xfd, 0xff, 0x09, 0xbc, 0xfe, 0xff, 0x08, 0xbd, 0xfe, 0xff, 0x08, 0xbe, 0xfe, 0xff, 
  0x04, 0xbe, 0xfd, 0xff, 0x04, 0xbc, 0xfd, 0xff, 0x04, 0xbc, 0xfd, 0xff, 0x03, 0xbc, 0xfe, 0xff, 0x03, 0xbd, 0xfd, 0xff, 0x03, 0xbd, 0xfd, 0xff, 0x03, 0xbd, 0xfe, 0xff, 0x05, 0xbd, 0xfe, 0xff, 0x06, 0xbd, 0xfe, 0xff, 0x06, 0xbc, 0xfe, 0xff, 0x05, 0xbc, 0xfe, 0xff, 0x06, 0xbc, 0xfe, 0xff, 0x08, 0xbc, 0xfe, 0xff, 0x08, 0xbc, 0xfe, 0xff, 0x07, 0xbe, 0xfe, 0xff, 
  0x06, 0xbd, 0xfd, 0xff, 0x05, 0xbc, 0xfd, 0xff, 0x05, 0xbb, 0xfd, 0xff, 0x04, 0xbb, 0xfd, 0xff, 0x04, 0xbc, 0xfd, 0xff, 0x04, 0xbc, 0xfd, 0xff, 0x04, 0xbd, 0xfe, 0xff, 0x06, 0xbd, 0xfe, 0xff, 0x07, 0xbc, 0xfe, 0xff, 0x07, 0xbb, 0xfd, 0xff, 0x06, 0xbb, 0xfd, 0xff, 0x06, 0xbb, 0xfd, 0xff, 0x06, 0xbb, 0xfd, 0xff, 0x08, 0xbd, 0xfe, 0xff, 0x08, 0xbe, 0xfe, 0xff, 
  0x07, 0xbc, 0xfe, 0xff, 0x07, 0xbb, 0xfe, 0xff, 0x07, 0xbb, 0xfe, 0xff, 0x06, 0xbb, 0xfd, 0xff, 0x05, 0xbb, 0xfd, 0xff, 0x05, 0xbb, 0xfd, 0xff, 0x05, 0xbc, 0xfd, 0xff, 0x07, 0xbc, 0xfe, 0xff, 0x08, 0xbb, 0xfe, 0xff, 0x08, 0xbb, 0xfe, 0xff, 0x07, 0xbc, 0xfe, 0xff, 0x06, 0xbc, 0xfe, 0xff, 0x06, 0xbc, 0xfe, 0xff, 0x07, 0xbd, 0xfe, 0xff, 0x08, 0xbe, 0xfe, 0xff, 
  0x08, 0xba, 0xfa, 0xff, 0x09, 0xb9, 0xfa, 0xff, 0x08, 0xb9, 0xfa, 0xff, 0x07, 0xb9, 0xfa, 0xff, 0x06, 0xb8, 0xfa, 0xff, 0x06, 0xb9, 0xfa, 0xff, 0x07, 0xba, 0xfa, 0xff, 0x08, 0xba, 0xfa, 0xff, 0x09, 0xb9, 0xfb, 0xff, 0x09, 0xb9, 0xfb, 0xff, 0x08, 0xba, 0xfb, 0xff, 0x07, 0xba, 0xfb, 0xff, 0x08, 0xba, 0xfb, 0xff, 0x09, 0xbb, 0xfb, 0xff, 0x09, 0xbc, 0xfb, 0xff, 
  0x0e, 0xad, 0xe6, 0xff, 0x0e, 0xac, 0xe6, 0xff, 0x0d, 0xab, 0xe6, 0xff, 0x0c, 0xab, 0xe6, 0xff, 0x0c, 0xab, 0xe6, 0xff, 0x0c, 0xab, 0xe6, 0xff, 0x0c, 0xac, 0xe6, 0xff, 0x0d, 0xac, 0xe6, 0xff, 0x0e, 0xac, 0xe7, 0xff, 0x0e, 0xac, 0xe7, 0xff, 0x0d, 0xac, 0xe7, 0xff, 0x0d, 0xac, 0xe7, 0xff, 0x0e, 0xac, 0xe7, 0xff, 0x0f, 0xae, 0xe7, 0xff, 0x10, 0xaf, 0xe7, 0xff, 
  0x19, 0x86, 0xae, 0xff, 0x18, 0x85, 0xae, 0xff, 0x16, 0x84, 0xae, 0xff, 0x16, 0x84, 0xae, 0xff, 0x17, 0x83, 0xae, 0xff, 0x17, 0x83, 0xae, 0xff, 0x17, 0x84, 0xae, 0xff, 0x17, 0x85, 0xaf, 0xff, 0x18, 0x85, 0xaf, 0xff, 0x19, 0x85, 0xaf, 0xff, 0x18, 0x85, 0xaf, 0xff, 0x18, 0x85, 0xaf, 0xff, 0x19, 0x85, 0xaf, 0xff, 0x1a, 0x86, 0xaf, 0xff, 0x1b, 0x87, 0xaf, 0xff, 
  0x27, 0x4a, 0x57, 0xff, 0x27, 0x4a, 0x57, 0xff, 0x25, 0x49, 0x57, 0xff, 0x25, 0x49, 0x57, 0xff, 0x25, 0x49, 0x57, 0xff, 0x25, 0x49, 0x57, 0xff, 0x25, 0x49, 0x57, 0xff, 0x26, 0x4a, 0x58, 0xff, 0x26, 0x49, 0x58, 0xff, 0x26, 0x49, 0x58, 0xff, 0x26, 0x49, 0x58, 0xff, 0x26, 0x49, 0x58, 0xff, 0x26, 0x49, 0x58, 0xff, 0x27, 0x4a, 0x58, 0xff, 0x27, 0x4a, 0x58, 0xff, 
  0x26, 0x55, 0x5f, 0xff, 0x25, 0x55, 0x5f, 0xff, 0x24, 0x54, 0x5e, 0xff, 0x23, 0x54, 0x5e, 0xff, 0x23, 0x54, 0x5e, 0xff, 0x23, 0x54, 0x5e, 0xff, 0x24, 0x54, 0x5e, 0xff, 0x25, 0x55, 0x5f, 0xff, 0x25, 0x55, 0x5f, 0xff, 0x24, 0x54, 0x5f, 0xff, 0x24, 0x54, 0x5e, 0xff, 0x24, 0x54, 0x5d, 0xff, 0x24, 0x54, 0x5e, 0xff, 0x25, 0x55, 0x5e, 0xff, 0x26, 0x55, 0x5e, 0xff, 
  0x14, 0x9f, 0xb6, 0xff, 0x14, 0x9f, 0xb6, 0xff, 0x13, 0x9e, 0xb6, 0xff, 0x13, 0x9e, 0xb6, 0xff, 0x13, 0x9e, 0xb5, 0xff, 0x13, 0x9e, 0xb5, 0xff, 0x13, 0x9e, 0xb5, 0xff, 0x13, 0x9f, 0xb6, 0xff, 0x13, 0x9f, 0xb6, 0xff, 0x13, 0x9e, 0xb5, 0xff, 0x12, 0x9e, 0xb5, 0xff, 0x12, 0x9e, 0xb4, 0xff, 0x13, 0x9e, 0xb4, 0xff, 0x14, 0x9f, 0xb4, 0xff, 0x15, 0x9f, 0xb5, 0xff, 
  0x05, 0xce, 0xef, 0xff, 0x05, 0xce, 0xef, 0xff, 0x05, 0xcd, 0xef, 0xff, 0x05, 0xcd, 0xef, 0xff, 0x05, 0xcd, 0xee, 0xff, 0x05, 0xce, 0xed, 0xff, 0x04, 0xce, 0xee, 0xff, 0x04, 0xcf, 0xef, 0xff, 0x04, 0xcf, 0xef, 0xff, 0x04, 0xce, 0xee, 0xff, 0x05, 0xcd, 0xee, 0xff, 0x05, 0xcd, 0xee, 0xff, 0x05, 0xcd, 0xee, 0xff, 0x05, 0xce, 0xed, 0xff, 0x05, 0xce, 0xee, 0xff, 
  0x02, 0xda, 0xfc, 0xff, 0x02, 0xd8, 0xfb, 0xff, 0x02, 0xd8, 0xfb, 0xff, 0x02, 0xd8, 0xfb, 0xff, 0x02, 0xd8, 0xfa, 0xff, 0x02, 0xd8, 0xfa, 0xff, 0x02, 0xd8, 0xfa, 0xff, 0x02, 0xd9, 0xfb, 0xff, 0x02, 0xd9, 0xfb, 0xff, 0x02, 0xd9, 0xfb, 0xff, 0x02, 0xd8, 0xfb, 0xff, 0x02, 0xd8, 0xfb, 0xff, 0x02, 0xd8, 0xfb, 0xff, 0x03, 0xd8, 0xfa, 0xff, 0x02, 0xd9, 0xfa, 0xff, 
  0x01, 0xdd, 0xfe, 0xff, 0x01, 0xdb, 0xfd, 0xff, 0x01, 0xda, 0xfd, 0xff, 0x01, 0xda, 0xfd, 0xff, 0x01, 0xda, 0xfd, 0xff, 0x01, 0xda, 0xfc, 0xff, 0x01, 0xda, 0xfc, 0xff, 0x01, 0xdb, 0xfd, 0xff, 0x01, 0xdb, 0xfd, 0xff, 0x01, 0xdb, 0xfd, 0xff, 0x01, 0xda, 0xfe, 0xff, 0x01, 0xda, 0xfd, 0xff, 0x02, 0xda, 0xfd, 0xff, 0x03, 0xda, 0xfd, 0xff, 0x02, 0xdb, 0xfd, 0xff, 
  0x01, 0xdd, 0xfe, 0xff, 0x01, 0xdb, 0xfd, 0xff, 0x01, 0xda, 0xfd, 0xff, 0x01, 0xdb, 0xfd, 0xff, 0x01, 0xdb, 0xfc, 0xff, 0x01, 0xdb, 0xfc, 0xff, 0x00, 0xdc, 0xfd, 0xff, 0x00, 0xdc, 0xfd, 0xff, 0x00, 0xdc, 0xfd, 0xff, 0x00, 0xdd, 0xfd, 0xff, 0x01, 0xdc, 0xfe, 0xff, 0x01, 0xdb, 0xfe, 0xff, 0x01, 0xdb, 0xfe, 0xff, 0x02, 0xdb, 0xfe, 0xff, 0x02, 0xdd, 0xfe, 0xff, 
  0x01, 0xdd, 0xfe, 0xff, 0x01, 0xdb, 0xfd, 0xff, 0x01, 0xda, 0xfd, 0xff, 0x01, 0xdb, 0xfd, 0xff, 0x01, 0xdb, 0xfc, 0xff, 0x01, 0xdb, 0xfc, 0xff, 0x00, 0xdc, 0xfd, 0xff, 0x00, 0xdc, 0xfd, 0xff, 0x00, 0xdc, 0xfd, 0xff, 0x00, 0xdd, 0xfd, 0xff, 0x01, 0xdc, 0xfe, 0xff, 0x01, 0xdb, 0xfe, 0xff, 0x01, 0xdb, 0xfe, 0xff, 0x02, 0xdb, 0xfe, 0xff, 0x02, 0xdd, 0xfe, 0xff, 
  0x01, 0xdb, 0xfd, 0xff, 0x01, 0xd9, 0xfd, 0xff, 0x01, 0xda, 0xfc, 0xff, 0x00, 0xdb, 0xfc, 0xff, 0x00, 0xdb, 0xfc, 0xff, 0x01, 0xdb, 0xfc, 0xff, 0x01, 0xdb, 0xfc, 0xff, 0x01, 0xdb, 0xfc, 0xff, 0x01, 0xdb, 0xfc, 0xff, 0x01, 0xdc, 0xfc, 0xff, 0x01, 0xdb, 0xfc, 0xff, 0x01, 0xdb, 0xfc, 0xff, 0x01, 0xdb, 0xfd, 0xff, 0x02, 0xdc, 0xfd, 0xff, 0x02, 0xde, 0xfd, 0xff, 
  0x02, 0xd7, 0xf8, 0xff, 0x02, 0xd6, 0xf8, 0xff, 0x02, 0xd6, 0xf8, 0xff, 0x02, 0xd7, 0xf8, 0xff, 0x02, 0xd7, 0xf8, 0xff, 0x01, 0xd7, 0xf8, 0xff, 0x01, 0xd7, 0xf8, 0xff, 0x02, 0xd7, 0xf8, 0xff, 0x01, 0xd7, 0xf7, 0xff, 0x01, 0xd8, 0xf7, 0xff, 0x01, 0xd8, 0xf7, 0xff, 0x01, 0xd7, 0xf7, 0xff, 0x02, 0xd7, 0xf7, 0xff, 0x02, 0xd8, 0xf8, 0xff, 0x03, 0xda, 0xf8, 0xff, 
  0x08, 0xc4, 0xe0, 0xff, 0x08, 0xc2, 0xe1, 0xff, 0x08, 0xc2, 0xe1, 0xff, 0x08, 0xc3, 0xe1, 0xff, 0x07, 0xc4, 0xe1, 0xff, 0x07, 0xc4, 0xe1, 0xff, 0x07, 0xc4, 0xe1, 0xff, 0x08, 0xc4, 0xe1, 0xff, 0x07, 0xc4, 0xe0, 0xff, 0x07, 0xc4, 0xe0, 0xff, 0x07, 0xc4, 0xe0, 0xff, 0x07, 0xc3, 0xe0, 0xff, 0x08, 0xc4, 0xe0, 0xff, 0x08, 0xc5, 0xe1, 0xff, 0x09, 0xc6, 0xe1, 0xff, 
  0x16, 0x92, 0xa4, 0xff, 0x15, 0x91, 0xa5, 0xff, 0x15, 0x91, 0xa5, 0xff, 0x16, 0x91, 0xa5, 0xff, 0x15, 0x92, 0xa5, 0xff, 0x15, 0x92, 0xa5, 0xff, 0x15, 0x92, 0xa5, 0xff, 0x16, 0x92, 0xa5, 0xff, 0x15, 0x91, 0xa4, 0xff, 0x15, 0x91, 0xa4, 0xff, 0x15, 0x91, 0xa4, 0xff, 0x15, 0x91, 0xa4, 0xff, 0x15, 0x92, 0xa4, 0xff, 0x16, 0x93, 0xa5, 0xff, 0x17, 0x94, 0xa6, 0xff, 
  0x22, 0x64, 0x6e, 0xff, 0x21, 0x64, 0x6e, 0xff, 0x21, 0x64, 0x6e, 0xff, 0x22, 0x64, 0x6e, 0xff, 0x21, 0x64, 0x6d, 0xff, 0x20, 0x64, 0x6d, 0xff, 0x21, 0x64, 0x6d, 0xff, 0x22, 0x64, 0x6e, 0xff, 0x21, 0x63, 0x6e, 0xff, 0x21, 0x63, 0x6e, 0xff, 0x21, 0x63, 0x6e, 0xff, 0x20, 0x63, 0x6d, 0xff, 0x21, 0x64, 0x6e, 0xff, 0x22, 0x65, 0x6f, 0xff, 0x23, 0x66, 0x70, 0xff, 
  0x23, 0x6a, 0x6e, 0xff, 0x22, 0x69, 0x6e, 0xff, 0x21, 0x69, 0x6e, 0xff, 0x22, 0x69, 0x6e, 0xff, 0x22, 0x69, 0x6d, 0xff, 0x21, 0x69, 0x6d, 0xff, 0x22, 0x69, 0x6d, 0xff, 0x23, 0x69, 0x6e, 0xff, 0x22, 0x69, 0x6e, 0xff, 0x22, 0x69, 0x6e, 0xff, 0x23, 0x68, 0x6e, 0xff, 0x22, 0x68, 0x6d, 0xff, 0x22, 0x69, 0x6e, 0xff, 0x24, 0x6a, 0x6f, 0xff, 0x25, 0x6b, 0x70, 0xff, 
  0x19, 0x98, 0x9b, 0xff, 0x18, 0x97, 0x9b, 0xff, 0x17, 0x97, 0x9b, 0xff, 0x18, 0x97, 0x9a, 0xff, 0x18, 0x97, 0x9a, 0xff, 0x18, 0x97, 0x9a, 0xff, 0x19, 0x97, 0x9a, 0xff, 0x1a, 0x97, 0x9b, 0xff, 0x19, 0x97, 0x9b, 0xff, 0x19, 0x97, 0x9a, 0xff, 0x1a, 0x96, 0x9a, 0xff, 0x1a, 0x96, 0x9a, 0xff, 0x1a, 0x97, 0x9a, 0xff, 0x1b, 0x98, 0x9b, 0xff, 0x1c, 0x99, 0x9c, 0xff, 
  0x0e, 0xc4, 0xc9, 0xff, 0x0d, 0xc3, 0xc7, 0xff, 0x0d, 0xc3, 0xc7, 0xff, 0x0d, 0xc3, 0xc6, 0xff, 0x0d, 0xc3, 0xc6, 0xff, 0x0e, 0xc3, 0xc6, 0xff, 0x0f, 0xc4, 0xc6, 0xff, 0x10, 0xc4, 0xc7, 0xff, 0x0f, 0xc3, 0xc6, 0xff, 0x0f, 0xc2, 0xc5, 0xff, 0x10, 0xc2, 0xc5, 0xff, 0x10, 0xc2, 0xc6, 0xff, 0x10, 0xc3, 0xc6, 0xff, 0x11, 0xc3, 0xc7, 0xff, 0x12, 0xc4, 0xc7, 0xff, 
  0x07, 0xe0, 0xe5, 0xff, 0x06, 0xde, 0xe3, 0xff, 0x06, 0xde, 0xe2, 0xff, 0x06, 0xde, 0xe2, 0xff, 0x06, 0xde, 0xe1, 0xff, 0x07, 0xde, 0xe1, 0xff, 0x08, 0xdf, 0xe2, 0xff, 0x09, 0xdf, 0xe2, 0xff, 0x08, 0xde, 0xe1, 0xff, 0x08, 0xdd, 0xe0, 0xff, 0x09, 0xdd, 0xe0, 0xff, 0x09, 0xde, 0xe1, 0xff, 0x0a, 0xde, 0xe1, 0xff, 0x0a, 0xde, 0xe2, 0xff, 0x0b, 0xdf, 0xe2, 0xff, 
  0x04, 0xe8, 0xed, 0xff, 0x03, 0xe6, 0xeb, 0xff, 0x03, 0xe6, 0xea, 0xff, 0x03, 0xe6, 0xea, 0xff, 0x03, 0xe6, 0xe9, 0xff, 0x04, 0xe6, 0xe9, 0xff, 0x05, 0xe7, 0xea, 0xff, 0x06, 0xe7, 0xe9, 0xff, 0x05, 0xe6, 0xe8, 0xff, 0x05, 0xe5, 0xe8, 0xff, 0x06, 0xe5, 0xe8, 0xff, 0x06, 0xe6, 0xe9, 0xff, 0x07, 0xe6, 0xe9, 0xff, 0x08, 0xe6, 0xea, 0xff, 0x08, 0xe7, 0xea, 0xff, 
  0x03, 0xea, 0xef, 0xff, 0x03, 0xe7, 0xec, 0xff, 0x03, 0xe7, 0xeb, 0xff, 0x03, 0xe7, 0xeb, 0xff, 0x04, 0xe7, 0xeb, 0xff, 0x05, 0xe7, 0xeb, 0xff, 0x05, 0xe8, 0xeb, 0xff, 0x06, 0xe8, 0xea, 0xff, 0x05, 0xe7, 0xe9, 0xff, 0x06, 0xe6, 0xe9, 0xff, 0x07, 0xe6, 0xe9, 0xff, 0x07, 0xe7, 0xea, 0xff, 0x07, 0xe8, 0xea, 0xff, 0x08, 0xe8, 0xeb, 0xff, 0x08, 0xe8, 0xeb, 0xff, 
  0x03, 0xea, 0xef, 0xff, 0x03, 0xe8, 0xec, 0xff, 0x02, 0xe7, 0xeb, 0xff, 0x03, 0xe7, 0xea, 0xff, 0x04, 0xe7, 0xeb, 0xff, 0x04, 0xe8, 0xeb, 0xff, 0x04, 0xe8, 0xea, 0xff, 0x05, 0xe8, 0xe9, 0xff, 0x05, 0xe7, 0xe8, 0xff, 0x05, 0xe6, 0xe8, 0xff, 0x06, 0xe6, 0xe9, 0xff, 0x07, 0xe7, 0xea, 0xff, 0x08, 0xe8, 0xeb, 0xff, 0x09, 0xe8, 0xec, 0xff, 0x08, 0xe9, 0xec, 0xff, 
  0x04, 0xea, 0xee, 0xff, 0x03, 0xe8, 0xec, 0xff, 0x02, 0xe7, 0xeb, 0xff, 0x03, 0xe7, 0xea, 0xff, 0x04, 0xe7, 0xea, 0xff, 0x03, 0xe7, 0xea, 0xff, 0x03, 0xe7, 0xe9, 0xff, 0x04, 0xe7, 0xe8, 0xff, 0x04, 0xe7, 0xe8, 0xff, 0x06, 0xe7, 0xe9, 0xff, 0x07, 0xe8, 0xea, 0xff, 0x07, 0xe8, 0xeb, 0xff, 0x08, 0xe8, 0xeb, 0xff, 0x08, 0xe8, 0xec, 0xff, 0x08, 0xea, 0xec, 0xff, 
  0x05, 0xe7, 0xeb, 0xff, 0x04, 0xe5, 0xea, 0xff, 0x04, 0xe4, 0xe8, 0xff, 0x05, 0xe4, 0xe7, 0xff, 0x05, 0xe4, 0xe7, 0xff, 0x03, 0xe4, 0xe7, 0xff, 0x03, 0xe4, 0xe6, 0xff, 0x04, 0xe4, 0xe5, 0xff, 0x05, 0xe4, 0xe6, 0xff, 0x07, 0xe5, 0xe7, 0xff, 0x08, 0xe6, 0xe8, 0xff, 0x07, 0xe6, 0xe9, 0xff, 0x07, 0xe6, 0xe9, 0xff, 0x08, 0xe6, 0xe9, 0xff, 0x09, 0xe7, 0xe9, 0xff, 
  0x0a, 0xd7, 0xdb, 0xff, 0x09, 0xd5, 0xda, 0xff, 0x08, 0xd4, 0xd8, 0xff, 0x09, 0xd4, 0xd7, 0xff, 0x09, 0xd4, 0xd7, 0xff, 0x08, 0xd4, 0xd7, 0xff, 0x08, 0xd5, 0xd6, 0xff, 0x08, 0xd5, 0xd5, 0xff, 0x0a, 0xd5, 0xd5, 0xff, 0x0b, 0xd5, 0xd7, 0xff, 0x0b, 0xd6, 0xd8, 0xff, 0x0b, 0xd6, 0xd9, 0xff, 0x0b, 0xd6, 0xd9, 0xff, 0x0c, 0xd6, 0xd9, 0xff, 0x0d, 0xd7, 0xda, 0xff, 
  0x16, 0xa5, 0xa8, 0xff, 0x15, 0xa3, 0xa6, 0xff, 0x14, 0xa2, 0xa4, 0xff, 0x14, 0xa2, 0xa4, 0xff, 0x14, 0xa2, 0xa4, 0xff, 0x14, 0xa2, 0xa5, 0xff, 0x14, 0xa3, 0xa4, 0xff, 0x14, 0xa3, 0xa3, 0xff, 0x15, 0xa3, 0xa3, 0xff, 0x16, 0xa3, 0xa5, 0xff, 0x16, 0xa4, 0xa5, 0xff, 0x16, 0xa4, 0xa6, 0xff, 0x16, 0xa4, 0xa7, 0xff, 0x17, 0xa4, 0xa7, 0xff, 0x18, 0xa5, 0xa8, 0xff, 
  0x23, 0x6a, 0x6b, 0xff, 0x22, 0x69, 0x69, 0xff, 0x20, 0x68, 0x67, 0xff, 0x20, 0x68, 0x67, 0xff, 0x20, 0x68, 0x67, 0xff, 0x20, 0x68, 0x68, 0xff, 0x20, 0x68, 0x68, 0xff, 0x20, 0x68, 0x68, 0xff, 0x21, 0x68, 0x68, 0xff, 0x22, 0x68, 0x68, 0xff, 0x21, 0x69, 0x68, 0xff, 0x21, 0x69, 0x69, 0xff, 0x22, 0x69, 0x6a, 0xff, 0x23, 0x6a, 0x6b, 0xff, 0x24, 0x6a, 0x6b, 0xff, 
  0x28, 0x5a, 0x57, 0xff, 0x26, 0x59, 0x56, 0xff, 0x25, 0x58, 0x54, 0xff, 0x25, 0x58, 0x54, 0xff, 0x25, 0x58, 0x54, 0xff, 0x25, 0x58, 0x54, 0xff, 0x26, 0x58, 0x54, 0xff, 0x26, 0x58, 0x55, 0xff, 0x26, 0x58, 0x55, 0xff, 0x26, 0x58, 0x55, 0xff, 0x27, 0x59, 0x55, 0xff, 0x27, 0x59, 0x55, 0xff, 0x27, 0x59, 0x56, 0xff, 0x28, 0x5a, 0x57, 0xff, 0x29, 0x5a, 0x58, 0xff, 
  0x24, 0x89, 0x7c, 0xff, 0x22, 0x88, 0x7b, 0xff, 0x21, 0x87, 0x79, 0xff, 0x21, 0x87, 0x79, 0xff, 0x21, 0x86, 0x78, 0xff, 0x21, 0x86, 0x78, 0xff, 0x22, 0x87, 0x79, 0xff, 0x22, 0x87, 0x79, 0xff, 0x22, 0x87, 0x7a, 0xff, 0x22, 0x87, 0x7a, 0xff, 0x23, 0x88, 0x7a, 0xff, 0x23, 0x88, 0x7a, 0xff, 0x23, 0x88, 0x7b, 0xff, 0x23, 0x89, 0x7c, 0xff, 0x24, 0x8a, 0x7d, 0xff, 
  0x1b, 0xcb, 0xb4, 0xff, 0x1a, 0xc9, 0xb2, 0xff, 0x19, 0xc8, 0xb1, 0xff, 0x18, 0xc8, 0xb1, 0xff, 0x19, 0xc8, 0xaf, 0xff, 0x19, 0xc8, 0xae, 0xff, 0x19, 0xc8, 0xaf, 0xff, 0x1a, 0xc9, 0xaf, 0xff, 0x1a, 0xc9, 0xb0, 0xff, 0x19, 0xc9, 0xb0, 0xff, 0x19, 0xca, 0xb0, 0xff, 0x1b, 0xca, 0xb0, 0xff, 0x1b, 0xca, 0xb1, 0xff, 0x1b, 0xcb, 0xb2, 0xff, 0x1c, 0xcb, 0xb3, 0xff, 
  0x14, 0xe3, 0xc8, 0xff, 0x14, 0xe1, 0xc6, 0xff, 0x13, 0xe0, 0xc5, 0xff, 0x13, 0xe0, 0xc5, 0xff, 0x12, 0xe0, 0xc3, 0xff, 0x12, 0xe0, 0xc2, 0xff, 0x13, 0xe0, 0xc3, 0xff, 0x14, 0xe1, 0xc3, 0xff, 0x13, 0xe1, 0xc4, 0xff, 0x12, 0xe2, 0xc4, 0xff, 0x12, 0xe3, 0xc4, 0xff, 0x14, 0xe2, 0xc4, 0xff, 0x15, 0xe2, 0xc5, 0xff, 0x16, 0xe3, 0xc6, 0xff, 0x16, 0xe3, 0xc7, 0xff, 
  0x13, 0xe5, 0xc8, 0xff, 0x13, 0xe3, 0xc7, 0xff, 0x12, 0xe2, 0xc6, 0xff, 0x12, 0xe2, 0xc5, 0xff, 0x11, 0xe2, 0xc3, 0xff, 0x10, 0xe2, 0xc2, 0xff, 0x11, 0xe2, 0xc3, 0xff, 0x13, 0xe3, 0xc4, 0xff, 0x12, 0xe3, 0xc5, 0xff, 0x10, 0xe4, 0xc5, 0xff, 0x10, 0xe5, 0xc5, 0xff, 0x12, 0xe4, 0xc5, 0xff, 0x14, 0xe4, 0xc6, 0xff, 0x15, 0xe5, 0xc7, 0xff, 0x15, 0xe5, 0xc7, 0xff, 
  0x14, 0xe5, 0xc8, 0xff, 0x13, 0xe4, 0xc7, 0xff, 0x13, 0xe2, 0xc6, 0xff, 0x13, 0xe2, 0xc5, 0xff, 0x12, 0xe3, 0xc4, 0xff, 0x11, 0xe4, 0xc3, 0xff, 0x11, 0xe3, 0xc4, 0xff, 0x12, 0xe3, 0xc4, 0xff, 0x11, 0xe4, 0xc4, 0xff, 0x10, 0xe5, 0xc5, 0xff, 0x10, 0xe6, 0xc5, 0xff, 0x11, 0xe6, 0xc5, 0xff, 0x13, 0xe6, 0xc6, 0xff, 0x14, 0xe6, 0xc6, 0xff, 0x15, 0xe6, 0xc7, 0xff, 
  0x14, 0xe5, 0xc7, 0xff, 0x13, 0xe3, 0xc6, 0xff, 0x12, 0xe2, 0xc5, 0xff, 0x12, 0xe2, 0xc4, 0xff, 0x11, 0xe2, 0xc3, 0xff, 0x11, 0xe3, 0xc3, 0xff, 0x11, 0xe2, 0xc3, 0xff, 0x11, 0xe2, 0xc3, 0xff, 0x11, 0xe3, 0xc4, 0xff, 0x11, 0xe4, 0xc5, 0xff, 0x11, 0xe5, 0xc4, 0xff, 0x11, 0xe6, 0xc5, 0xff, 0x13, 0xe6, 0xc6, 0xff, 0x14, 0xe6, 0xc6, 0xff, 0x15, 0xe6, 0xc6, 0xff, 
  0x14, 0xe5, 0xc6, 0xff, 0x13, 0xe4, 0xc4, 0xff, 0x11, 0xe2, 0xc4, 0xff, 0x11, 0xe2, 0xc4, 0xff, 0x11, 0xe2, 0xc4, 0xff, 0x11, 0xe2, 0xc4, 0xff, 0x11, 0xe2, 0xc4, 0xff, 0x12, 0xe2, 0xc4, 0xff, 0x12, 0xe2, 0xc4, 0xff, 0x12, 0xe3, 0xc4, 0xff, 0x11, 0xe4, 0xc3, 0xff, 0x12, 0xe5, 0xc4, 0xff, 0x15, 0xe5, 0xc5, 0xff, 0x16, 0xe5, 0xc5, 0xff, 0x16, 0xe6, 0xc6, 0xff, 
  0x14, 0xe2, 0xc2, 0xff, 0x14, 0xe0, 0xc0, 0xff, 0x13, 0xde, 0xc0, 0xff, 0x12, 0xde, 0xc1, 0xff, 0x11, 0xdf, 0xc1, 0xff, 0x10, 0xde, 0xc0, 0xff, 0x11, 0xde, 0xc0, 0xff, 0x11, 0xde, 0xc1, 0xff, 0x11, 0xdf, 0xc1, 0xff, 0x13, 0xdf, 0xc1, 0xff, 0x13, 0xdf, 0xc1, 0xff, 0x14, 0xe0, 0xc1, 0xff, 0x17, 0xe1, 0xc1, 0xff, 0x17, 0xe1, 0xc2, 0xff, 0x17, 0xe2, 0xc3, 0xff, 
  0x17, 0xd0, 0xb3, 0xff, 0x18, 0xce, 0xb0, 0xff, 0x17, 0xcd, 0xb1, 0xff, 0x16, 0xcd, 0xb2, 0xff, 0x14, 0xcd, 0xb3, 0xff, 0x13, 0xcd, 0xb2, 0xff, 0x14, 0xcd, 0xb2, 0xff, 0x15, 0xcd, 0xb2, 0xff, 0x15, 0xcd, 0xb2, 0xff, 0x17, 0xcd, 0xb2, 0xff, 0x18, 0xcd, 0xb3, 0xff, 0x19, 0xce, 0xb3, 0xff, 0x1b, 0xcf, 0xb3, 0xff, 0x1b, 0xd0, 0xb4, 0xff, 0x1b, 0xd1, 0xb5, 0xff, 
  0x1e, 0xa1, 0x8c, 0xff, 0x1f, 0xa0, 0x8a, 0xff, 0x1e, 0x9f, 0x8b, 0xff, 0x1d, 0x9f, 0x8c, 0xff, 0x1c, 0x9f, 0x8c, 0xff, 0x1c, 0x9f, 0x8c, 0xff, 0x1c, 0x9f, 0x8c, 0xff, 0x1d, 0x9f, 0x8c, 0xff, 0x1d, 0x9f, 0x8c, 0xff, 0x1e, 0x9f, 0x8c, 0xff, 0x1f, 0x9f, 0x8d, 0xff, 0x20, 0xa0, 0x8d, 0xff, 0x22, 0xa0, 0x8d, 0xff, 0x22, 0xa1, 0x8e, 0xff, 0x21, 0xa2, 0x8f, 0xff, 
  0x28, 0x6b, 0x5f, 0xff, 0x28, 0x6a, 0x5f, 0xff, 0x27, 0x69, 0x5e, 0xff, 0x26, 0x69, 0x5e, 0xff, 0x26, 0x69, 0x5e, 0xff, 0x26, 0x69, 0x5e, 0xff, 0x26, 0x69, 0x5e, 0xff, 0x27, 0x69, 0x5e, 0xff, 0x26, 0x69, 0x5e, 0xff, 0x27, 0x69, 0x5f, 0xff, 0x28, 0x69, 0x5f, 0xff, 0x28, 0x6a, 0x5f, 0xff, 0x29, 0x6a, 0x60, 0xff, 0x2b, 0x6b, 0x61, 0xff, 0x2a, 0x6c, 0x61, 0xff, 
  0x2c, 0x59, 0x4d, 0xff, 0x2b, 0x58, 0x4d, 0xff, 0x2a, 0x57, 0x4c, 0xff, 0x29, 0x57, 0x4c, 0xff, 0x29, 0x57, 0x4c, 0xff, 0x2a, 0x57, 0x4c, 0xff, 0x2a, 0x57, 0x4c, 0xff, 0x2a, 0x57, 0x4c, 0xff, 0x29, 0x57, 0x4d, 0xff, 0x29, 0x57, 0x4e, 0xff, 0x2a, 0x58, 0x4d, 0xff, 0x2b, 0x58, 0x4d, 0xff, 0x2c, 0x58, 0x4e, 0xff, 0x2d, 0x59, 0x4f, 0xff, 0x2d, 0x5a, 0x4e, 0xff, 
  0x28, 0x8a, 0x6a, 0xff, 0x26, 0x89, 0x69, 0xff, 0x24, 0x89, 0x68, 0xff, 0x24, 0x88, 0x68, 0xff, 0x25, 0x87, 0x68, 0xff, 0x26, 0x87, 0x68, 0xff, 0x25, 0x88, 0x69, 0xff, 0x24, 0x88, 0x69, 0xff, 0x24, 0x88, 0x69, 0xff, 0x25, 0x88, 0x6a, 0xff, 0x26, 0x89, 0x6a, 0xff, 0x26, 0x89, 0x6a, 0xff, 0x26, 0x8a, 0x6a, 0xff, 0x28, 0x8b, 0x6b, 0xff, 0x29, 0x8b, 0x6b, 0xff, 
  0x21, 0xc4, 0x8f, 0xff, 0x1e, 0xc4, 0x8d, 0xff, 0x1d, 0xc3, 0x8b, 0xff, 0x1d, 0xc2, 0x8b, 0xff, 0x1d, 0xc1, 0x8b, 0xff, 0x1e, 0xc2, 0x8b, 0xff, 0x1e, 0xc2, 0x8c, 0xff, 0x1c, 0xc2, 0x8c, 0xff, 0x1c, 0xc2, 0x8c, 0xff, 0x1d, 0xc2, 0x8d, 0xff, 0x1e, 0xc3, 0x8d, 0xff, 0x1e, 0xc5, 0x8d, 0xff, 0x1f, 0xc6, 0x8e, 0xff, 0x21, 0xc7, 0x8f, 0xff, 0x22, 0xc6, 0x8f, 0xff, 
  0x1e, 0xd8, 0x9a, 0xff, 0x1b, 0xd8, 0x98, 0xff, 0x19, 0xd7, 0x96, 0xff, 0x1a, 0xd6, 0x96, 0xff, 0x19, 0xd6, 0x96, 0xff, 0x1a, 0xd6, 0x96, 0xff, 0x1b, 0xd6, 0x97, 0xff, 0x19, 0xd6, 0x97, 0xff, 0x19, 0xd6, 0x98, 0xff, 0x1a, 0xd7, 0x99, 0xff, 0x1b, 0xd8, 0x98, 0xff, 0x1b, 0xd9, 0x98, 0xff, 0x1c, 0xda, 0x99, 0xff, 0x1e, 0xda, 0x9a, 0xff, 0x1f, 0xda, 0x9b, 0xff, 
  0x1c, 0xdc, 0x9b, 0xff, 0x19, 0xdc, 0x9a, 0xff, 0x17, 0xdc, 0x98, 0xff, 0x17, 0xdb, 0x97, 0xff, 0x16, 0xdb, 0x97, 0xff, 0x17, 0xdb, 0x97, 0xff, 0x19, 0xdb, 0x97, 0xff, 0x19, 0xdb, 0x98, 0xff, 0x18, 0xdb, 0x99, 0xff, 0x18, 0xdc, 0x99, 0xff, 0x19, 0xdc, 0x99, 0xff, 0x1b, 0xdc, 0x9a, 0xff, 0x1c, 0xdd, 0x9b, 0xff, 0x1d, 0xde, 0x9c, 0xff, 0x1d, 0xde, 0x9d, 0xff, 
  0x1c, 0xdd, 0x9c, 0xff, 0x1a, 0xdd, 0x9a, 0xff, 0x18, 0xdd, 0x99, 0xff, 0x17, 0xdd, 0x98, 0xff, 0x17, 0xdd, 0x98, 0xff, 0x17, 0xdd, 0x97, 0xff, 0x18, 0xdd, 0x98, 0xff, 0x19, 0xdd, 0x99, 0xff, 0x18, 0xde, 0x99, 0xff, 0x18, 0xde, 0x99, 0xff, 0x1a, 0xde, 0x9a, 0xff, 0x1b, 0xdd, 0x9c, 0xff, 0x1c, 0xdd, 0x9d, 0xff, 0x1d, 0xde, 0x9e, 0xff, 0x1e, 0xde, 0x9d, 0xff, 
  0x1c, 0xde, 0x9c, 0xff, 0x1a, 0xdd, 0x9a, 0xff, 0x19, 0xdd, 0x99, 0xff, 0x18, 0xdd, 0x98, 0xff, 0x17, 0xdd, 0x98, 0xff, 0x17, 0xdd, 0x97, 0xff, 0x17, 0xdd, 0x97, 0xff, 0x18, 0xdd, 0x98, 0xff, 0x18, 0xde, 0x98, 0xff, 0x19, 0xde, 0x98, 0xff, 0x1a, 0xdd, 0x9a, 0xff, 0x1b, 0xdd, 0x9b, 0xff, 0x1b, 0xdd, 0x9c, 0xff, 0x1d, 0xdd, 0x9d, 0xff, 0x1f, 0xdd, 0x9c, 0xff, 
  0x1c, 0xdf, 0x9c, 0xff, 0x1b, 0xde, 0x9b, 0xff, 0x1a, 0xdd, 0x9a, 0xff, 0x1a, 0xdd, 0x99, 0xff, 0x19, 0xde, 0x99, 0xff, 0x18, 0xde, 0x98, 0xff, 0x17, 0xde, 0x97, 0xff, 0x18, 0xde, 0x98, 0xff, 0x18, 0xde, 0x98, 0xff, 0x1a, 0xde, 0x99, 0xff, 0x1b, 0xde, 0x9a, 0xff, 0x1b, 0xde, 0x9b, 0xff, 0x1b, 0xdd, 0x9b, 0xff, 0x1d, 0xdd, 0x9c, 0xff, 0x1f, 0xdd, 0x9c, 0xff, 
  0x1d, 0xde, 0x9a, 0xff, 0x1c, 0xde, 0x99, 0xff, 0x1a, 0xdd, 0x98, 0xff, 0x1a, 0xdd, 0x98, 0xff, 0x1a, 0xdc, 0x98, 0xff, 0x19, 0xdc, 0x96, 0xff, 0x18, 0xdc, 0x96, 0xff, 0x18, 0xdc, 0x97, 0xff, 0x19, 0xdd, 0x97, 0xff, 0x1a, 0xdc, 0x98, 0xff, 0x1b, 0xdc, 0x99, 0xff, 0x1b, 0xdc, 0x99, 0xff, 0x1b, 0xdc, 0x9a, 0xff, 0x1d, 0xdc, 0x9a, 0xff, 0x20, 0xdc, 0x9b, 0xff, 
  0x1e, 0xd7, 0x95, 0xff, 0x1d, 0xd7, 0x94, 0xff, 0x1c, 0xd6, 0x94, 0xff, 0x1c, 0xd5, 0x94, 0xff, 0x1c, 0xd5, 0x94, 0xff, 0x1c, 0xd5, 0x92, 0xff, 0x1b, 0xd5, 0x92, 0xff, 0x1b, 0xd5, 0x93, 0xff, 0x1b, 0xd5, 0x94, 0xff, 0x1c, 0xd6, 0x94, 0xff, 0x1c, 0xd5, 0x95, 0xff, 0x1d, 0xd5, 0x95, 0xff, 0x1e, 0xd5, 0x96, 0xff, 0x20, 0xd5, 0x97, 0xff, 0x23, 0xd6, 0x98, 0xff, 
  0x23, 0xab, 0x7c, 0xff, 0x22, 0xac, 0x7c, 0xff, 0x22, 0xaa, 0x7b, 0xff, 0x23, 0xa9, 0x7a, 0xff, 0x23, 0xa9, 0x7a, 0xff, 0x23, 0xa9, 0x7a, 0xff, 0x23, 0xa9, 0x7a, 0xff, 0x23, 0xa9, 0x7b, 0xff, 0x22, 0xaa, 0x7c, 0xff, 0x22, 0xaa, 0x7d, 0xff, 0x22, 0xaa, 0x7d, 0xff, 0x23, 0xa9, 0x7d, 0xff, 0x25, 0xaa, 0x7d, 0xff, 0x26, 0xab, 0x7e, 0xff, 0x27, 0xac, 0x80, 0xff, 
  0x2d, 0x46, 0x3e, 0xff, 0x2c, 0x44, 0x3d, 0xff, 0x2b, 0x42, 0x3c, 0xff, 0x2b, 0x42, 0x3b, 0xff, 0x2b, 0x42, 0x3b, 0xff, 0x2b, 0x42, 0x3c, 0xff, 0x2c, 0x42, 0x3d, 0xff, 0x2b, 0x43, 0x3d, 0xff, 0x2b, 0x43, 0x3d, 0xff, 0x2c, 0x43, 0x3e, 0xff, 0x2d, 0x44, 0x3e, 0xff, 0x2d, 0x44, 0x3e, 0xff, 0x2d, 0x44, 0x3e, 0xff, 0x2e, 0x45, 0x3e, 0xff, 0x2f, 0x46, 0x3f, 0xff, 
  0x2e, 0x51, 0x40, 0xff, 0x2d, 0x4f, 0x3e, 0xff, 0x2c, 0x4d, 0x3d, 0xff, 0x2b, 0x4d, 0x3d, 0xff, 0x2b, 0x4d, 0x3d, 0xff, 0x2b, 0x4d, 0x3d, 0xff, 0x2d, 0x4d, 0x3e, 0xff, 0x2d, 0x4e, 0x3f, 0xff, 0x2d, 0x4e, 0x40, 0xff, 0x2d, 0x4f, 0x41, 0xff, 0x2e, 0x50, 0x40, 0xff, 0x2d, 0x4f, 0x3f, 0xff, 0x2d, 0x4f, 0x3f, 0xff, 0x2f, 0x50, 0x3f, 0xff, 0x30, 0x51, 0x40, 0xff, 
  0x2b, 0x96, 0x5d, 0xff, 0x2a, 0x95, 0x5b, 0xff, 0x28, 0x93, 0x59, 0xff, 0x27, 0x93, 0x59, 0xff, 0x27, 0x93, 0x59, 0xff, 0x27, 0x93, 0x59, 0xff, 0x29, 0x93, 0x5a, 0xff, 0x2a, 0x94, 0x5b, 0xff, 0x2a, 0x94, 0x5c, 0xff, 0x2a, 0x94, 0x5c, 0xff, 0x2a, 0x94, 0x5c, 0xff, 0x29, 0x95, 0x5b, 0xff, 0x29, 0x95, 0x5b, 0xff, 0x2c, 0x96, 0x5c, 0xff, 0x2d, 0x97, 0x5d, 0xff, 
  0x27, 0xc3, 0x6f, 0xff, 0x26, 0xc2, 0x6c, 0xff, 0x24, 0xc1, 0x6a, 0xff, 0x23, 0xc1, 0x6a, 0xff, 0x22, 0xc1, 0x6a, 0xff, 0x23, 0xc1, 0x6a, 0xff, 0x25, 0xc1, 0x6b, 0xff, 0x26, 0xc2, 0x6c, 0xff, 0x25, 0xc2, 0x6c, 0xff, 0x25, 0xc2, 0x6c, 0xff, 0x25, 0xc2, 0x6c, 0xff, 0x24, 0xc2, 0x6c, 0xff, 0x25, 0xc2, 0x6c, 0xff, 0x28, 0xc3, 0x6e, 0xff, 0x2a, 0xc4, 0x6f, 0xff, 
  0x24, 0xd3, 0x74, 0xff, 0x23, 0xd2, 0x72, 0xff, 0x23, 0xd2, 0x70, 0xff, 0x21, 0xd2, 0x70, 0xff, 0x20, 0xd2, 0x71, 0xff, 0x21, 0xd2, 0x71, 0xff, 0x22, 0xd2, 0x71, 0xff, 0x23, 0xd2, 0x72, 0xff, 0x22, 0xd3, 0x72, 0xff, 0x22, 0xd3, 0x72, 0xff, 0x23, 0xd4, 0x72, 0xff, 0x23, 0xd3, 0x72, 0xff, 0x24, 0xd3, 0x72, 0xff, 0x26, 0xd4, 0x73, 0xff, 0x28, 0xd5, 0x74, 0xff, 
  0x23, 0xd6, 0x73, 0xff, 0x21, 0xd5, 0x71, 0xff, 0x22, 0xd4, 0x70, 0xff, 0x21, 0xd4, 0x70, 0xff, 0x20, 0xd4, 0x71, 0xff, 0x21, 0xd4, 0x71, 0xff, 0x22, 0xd4, 0x72, 0xff, 0x22, 0xd4, 0x72, 0xff, 0x21, 0xd5, 0x72, 0xff, 0x21, 0xd6, 0x73, 0xff, 0x22, 0xd6, 0x73, 0xff, 0x23, 0xd5, 0x72, 0xff, 0x24, 0xd5, 0x72, 0xff, 0x26, 0xd6, 0x73, 0xff, 0x28, 0xd7, 0x74, 0xff, 
  0x22, 0xd7, 0x72, 0xff, 0x20, 0xd6, 0x70, 0xff, 0x21, 0xd5, 0x6f, 0xff, 0x21, 0xd4, 0x6f, 0xff, 0x21, 0xd4, 0x70, 0xff, 0x21, 0xd4, 0x70, 0xff, 0x22, 0xd5, 0x70, 0xff, 0x22, 0xd5, 0x71, 0xff, 0x21, 0xd6, 0x72, 0xff, 0x21, 0xd7, 0x73, 0xff, 0x23, 0xd7, 0x73, 0xff, 0x24, 0xd6, 0x72, 0xff, 0x25, 0xd6, 0x72, 0xff, 0x26, 0xd7, 0x73, 0xff, 0x28, 0xd8, 0x75, 0xff, 
  0x21, 0xd7, 0x71, 0xff, 0x20, 0xd7, 0x70, 0xff, 0x21, 0xd6, 0x6e, 0xff, 0x21, 0xd5, 0x6e, 0xff, 0x20, 0xd5, 0x6e, 0xff, 0x21, 0xd5, 0x6e, 0xff, 0x22, 0xd5, 0x6f, 0xff, 0x23, 0xd5, 0x70, 0xff, 0x22, 0xd5, 0x71, 0xff, 0x21, 0xd6, 0x71, 0xff, 0x23, 0xd6, 0x71, 0xff, 0x24, 0xd6, 0x71, 0xff, 0x24, 0xd6, 0x71, 0xff, 0x26, 0xd7, 0x72, 0xff, 0x27, 0xd9, 0x74, 0xff, 
  0x22, 0xd7, 0x70, 0xff, 0x21, 0xd8, 0x6f, 0xff, 0x21, 0xd7, 0x6d, 0xff, 0x20, 0xd6, 0x6c, 0xff, 0x1f, 0xd6, 0x6c, 0xff, 0x20, 0xd6, 0x6d, 0xff, 0x22, 0xd6, 0x6e, 0xff, 0x23, 0xd5, 0x6f, 0xff, 0x22, 0xd6, 0x6f, 0xff, 0x22, 0xd6, 0x70, 0xff, 0x23, 0xd6, 0x70, 0xff, 0x24, 0xd5, 0x71, 0xff, 0x25, 0xd5, 0x71, 0xff, 0x26, 0xd8, 0x72, 0xff, 0x27, 0xda, 0x73, 0xff, 
  0x22, 0xd1, 0x6d, 0xff, 0x21, 0xd2, 0x6c, 0xff, 0x20, 0xd2, 0x6a, 0xff, 0x1f, 0xd2, 0x69, 0xff, 0x1f, 0xd1, 0x69, 0xff, 0x20, 0xd1, 0x6a, 0xff, 0x22, 0xd2, 0x6c, 0xff, 0x24, 0xd2, 0x6d, 0xff, 0x23, 0xd1, 0x6d, 0xff, 0x22, 0xd1, 0x6d, 0xff, 0x22, 0xd1, 0x6f, 0xff, 0x24, 0xd1, 0x6f, 0xff, 0x27, 0xd1, 0x6f, 0xff, 0x28, 0xd3, 0x71, 0xff, 0x29, 0xd5, 0x72, 0xff, 
  0x24, 0xb8, 0x64, 0xff, 0x23, 0xb9, 0x63, 0xff, 0x22, 0xb8, 0x61, 0xff, 0x21, 0xb8, 0x60, 0xff, 0x21, 0xb7, 0x60, 0xff, 0x22, 0xb7, 0x61, 0xff, 0x24, 0xb8, 0x63, 0xff, 0x26, 0xb8, 0x64, 0xff, 0x25, 0xb7, 0x64, 0xff, 0x24, 0xb7, 0x64, 0xff, 0x24, 0xb8, 0x65, 0xff, 0x26, 0xb8, 0x65, 0xff, 0x29, 0xb9, 0x66, 0xff, 0x2a, 0xba, 0x67, 0xff, 0x2b, 0xbb, 0x68, 0xff, 
  0x28, 0x87, 0x52, 0xff, 0x27, 0x87, 0x51, 0xff, 0x26, 0x86, 0x4f, 0xff, 0x25, 0x86, 0x4f, 0xff, 0x25, 0x85, 0x4f, 0xff, 0x26, 0x85, 0x50, 0xff, 0x27, 0x86, 0x51, 0xff, 0x28, 0x86, 0x52, 0xff, 0x28, 0x85, 0x51, 0xff, 0x28, 0x85, 0x51, 0xff, 0x28, 0x86, 0x52, 0xff, 0x29, 0x86, 0x52, 0xff, 0x2b, 0x87, 0x53, 0xff, 0x2c, 0x88, 0x54, 0xff, 0x2d, 0x89, 0x55, 0xff, 
  0x2d, 0x5c, 0x41, 0xff, 0x2c, 0x5b, 0x40, 0xff, 0x2b, 0x5a, 0x3e, 0xff, 0x2a, 0x5a, 0x3e, 0xff, 0x2a, 0x5a, 0x3e, 0xff, 0x2b, 0x5a, 0x3f, 0xff, 0x2b, 0x5a, 0x3f, 0xff, 0x2b, 0x5a, 0x40, 0xff, 0x2b, 0x5a, 0x3f, 0xff, 0x2b, 0x5a, 0x3f, 0xff, 0x2b, 0x5a, 0x40, 0xff, 0x2c, 0x5a, 0x40, 0xff, 0x2d, 0x5b, 0x40, 0xff, 0x2e, 0x5b, 0x41, 0xff, 0x2f, 0x5c, 0x42, 0xff, 
  0x2e, 0x66, 0x3e, 0xff, 0x2c, 0x64, 0x3d, 0xff, 0x2b, 0x63, 0x3c, 0xff, 0x2b, 0x63, 0x3c, 0xff, 0x2b, 0x64, 0x3c, 0xff, 0x2b, 0x63, 0x3c, 0xff, 0x2c, 0x62, 0x3c, 0xff, 0x2c, 0x63, 0x3d, 0xff, 0x2c, 0x63, 0x3c, 0xff, 0x2c, 0x63, 0x3c, 0xff, 0x2c, 0x63, 0x3c, 0xff, 0x2d, 0x63, 0x3c, 0xff, 0x2e, 0x64, 0x3d, 0xff, 0x2f, 0x65, 0x3e, 0xff, 0x30, 0x65, 0x3f, 0xff, 
  0x2d, 0x94, 0x45, 0xff, 0x2b, 0x92, 0x44, 0xff, 0x2a, 0x91, 0x43, 0xff, 0x2a, 0x91, 0x43, 0xff, 0x2a, 0x92, 0x43, 0xff, 0x2a, 0x90, 0x43, 0xff, 0x2b, 0x90, 0x43, 0xff, 0x2b, 0x91, 0x44, 0xff, 0x2b, 0x91, 0x43, 0xff, 0x2b, 0x91, 0x43, 0xff, 0x2c, 0x91, 0x43, 0xff, 0x2d, 0x91, 0x43, 0xff, 0x2e, 0x92, 0x44, 0xff, 0x2f, 0x93, 0x46, 0xff, 0x30, 0x93, 0x46, 0xff, 
  0x2b, 0xbf, 0x4c, 0xff, 0x29, 0xbd, 0x4a, 0xff, 0x28, 0xbd, 0x49, 0xff, 0x29, 0xbd, 0x49, 0xff, 0x28, 0xbd, 0x49, 0xff, 0x28, 0xbb, 0x4a, 0xff, 0x29, 0xbb, 0x4a, 0xff, 0x2a, 0xbc, 0x4a, 0xff, 0x2a, 0xbc, 0x4a, 0xff, 0x2a, 0xbc, 0x4a, 0xff, 0x2a, 0xbc, 0x4a, 0xff, 0x2c, 0xbc, 0x4b, 0xff, 0x2d, 0xbe, 0x4c, 0xff, 0x2e, 0xc0, 0x4d, 0xff, 0x2f, 0xbf, 0x4e, 0xff, 
  0x2a, 0xd0, 0x4d, 0xff, 0x27, 0xce, 0x4c, 0xff, 0x26, 0xce, 0x4b, 0xff, 0x27, 0xce, 0x4b, 0xff, 0x26, 0xcd, 0x4a, 0xff, 0x26, 0xcc, 0x4a, 0xff, 0x27, 0xcc, 0x4b, 0xff, 0x28, 0xcd, 0x4b, 0xff, 0x27, 0xcd, 0x4b, 0xff, 0x27, 0xcc, 0x4b, 0xff, 0x27, 0xcc, 0x4b, 0xff, 0x29, 0xcd, 0x4d, 0xff, 0x2b, 0xcf, 0x4e, 0xff, 0x2c, 0xd1, 0x4f, 0xff, 0x2d, 0xd0, 0x50, 0xff, 
  0x2a, 0xd2, 0x4b, 0xff, 0x28, 0xd1, 0x4a, 0xff, 0x26, 0xd1, 0x49, 0xff, 0x25, 0xd0, 0x49, 0xff, 0x25, 0xd0, 0x48, 0xff, 0x24, 0xcf, 0x48, 0xff, 0x25, 0xcf, 0x49, 0xff, 0x26, 0xd0, 0x49, 0xff, 0x26, 0xcf, 0x49, 0xff, 0x27, 0xcf, 0x49, 0xff, 0x26, 0xcf, 0x49, 0xff, 0x26, 0xd0, 0x4b, 0xff, 0x28, 0xd2, 0x4c, 0xff, 0x2b, 0xd3, 0x4e, 0xff, 0x2c, 0xd2, 0x50, 0xff, 
  0x2a, 0xd2, 0x4a, 0xff, 0x28, 0xd1, 0x47, 0xff, 0x26, 0xd1, 0x46, 0xff, 0x25, 0xd0, 0x47, 0xff, 0x24, 0xcf, 0x46, 0xff, 0x24, 0xcf, 0x46, 0xff, 0x25, 0xd0, 0x47, 0xff, 0x26, 0xd0, 0x47, 0xff, 0x27, 0xd0, 0x47, 0xff, 0x28, 0xd0, 0x47, 0xff, 0x27, 0xd1, 0x47, 0xff, 0x27, 0xd1, 0x49, 0xff, 0x29, 0xd2, 0x4b, 0xff, 0x2c, 0xd3, 0x4c, 0xff, 0x2d, 0xd2, 0x4f, 0xff, 
  0x2a, 0xd2, 0x48, 0xff, 0x28, 0xd1, 0x46, 0xff, 0x26, 0xd0, 0x46, 0xff, 0x25, 0xcf, 0x46, 0xff, 0x24, 0xcf, 0x45, 0xff, 0x24, 0xcf, 0x44, 0xff, 0x25, 0xcf, 0x45, 0xff, 0x26, 0xd0, 0x45, 0xff, 0x28, 0xd0, 0x45, 0xff, 0x29, 0xd0, 0x46, 0xff, 0x28, 0xd0, 0x46, 0xff, 0x27, 0xd1, 0x48, 0xff, 0x29, 0xd2, 0x49, 0xff, 0x2b, 0xd2, 0x4b, 0xff, 0x2d, 0xd1, 0x4d, 0xff, 
  0x2b, 0xd1, 0x48, 0xff, 0x29, 0xd1, 0x47, 0xff, 0x28, 0xd0, 0x47, 0xff, 0x27, 0xcf, 0x46, 0xff, 0x26, 0xce, 0x45, 0xff, 0x26, 0xce, 0x44, 0xff, 0x27, 0xce, 0x44, 0xff, 0x28, 0xcf, 0x44, 0xff, 0x2a, 0xd0, 0x44, 0xff, 0x2a, 0xd1, 0x45, 0xff, 0x29, 0xd0, 0x46, 0xff, 0x29, 0xd0, 0x47, 0xff, 0x2a, 0xd2, 0x49, 0xff, 0x2b, 0xd2, 0x4b, 0xff, 0x2d, 0xd1, 0x4c, 0xff, 
  0x2c, 0xc7, 0x47, 0xff, 0x2a, 0xc7, 0x46, 0xff, 0x29, 0xc6, 0x46, 0xff, 0x28, 0xc5, 0x45, 0xff, 0x27, 0xc5, 0x44, 0xff, 0x27, 0xc5, 0x43, 0xff, 0x28, 0xc5, 0x43, 0xff, 0x29, 0xc5, 0x43, 0xff, 0x2a, 0xc6, 0x43, 0xff, 0x2b, 0xc7, 0x44, 0xff, 0x2a, 0xc6, 0x45, 0xff, 0x2a, 0xc6, 0x46, 0xff, 0x2a, 0xc8, 0x47, 0xff, 0x2c, 0xc8, 0x48, 0xff, 0x2d, 0xc7, 0x49, 0xff, 
  0x2e, 0xa8, 0x43, 0xff, 0x2c, 0xa8, 0x42, 0xff, 0x2b, 0xa7, 0x42, 0xff, 0x2a, 0xa6, 0x42, 0xff, 0x29, 0xa6, 0x40, 0xff, 0x29, 0xa6, 0x40, 0xff, 0x2a, 0xa6, 0x40, 0xff, 0x2b, 0xa6, 0x40, 0xff, 0x2c, 0xa7, 0x40, 0xff, 0x2c, 0xa8, 0x40, 0xff, 0x2b, 0xa7, 0x41, 0xff, 0x2b, 0xa7, 0x42, 0xff, 0x2b, 0xa9, 0x42, 0xff, 0x2d, 0xaa, 0x43, 0xff, 0x2e, 0xa9, 0x44, 0xff, 
  0x2f, 0x7d, 0x3d, 0xff, 0x2e, 0x7d, 0x3b, 0xff, 0x2d, 0x7c, 0x3b, 0xff, 0x2c, 0x7b, 0x3c, 0xff, 0x2b, 0x7b, 0x3b, 0xff, 0x2b, 0x7a, 0x3a, 0xff, 0x2c, 0x7a, 0x3a, 0xff, 0x2d, 0x7b, 0x3a, 0xff, 0x2c, 0x7c, 0x3a, 0xff, 0x2c, 0x7c, 0x3a, 0xff, 0x2c, 0x7c, 0x3a, 0xff, 0x2c, 0x7c, 0x3b, 0xff, 0x2d, 0x7c, 0x3b, 0xff, 0x2e, 0x7d, 0x3c, 0xff, 0x2f, 0x7e, 0x3d, 0xff, 
  0x31, 0x61, 0x35, 0xff, 0x30, 0x61, 0x34, 0xff, 0x30, 0x60, 0x34, 0xff, 0x2f, 0x5f, 0x35, 0xff, 0x2e, 0x5f, 0x34, 0xff, 0x2e, 0x5f, 0x33, 0xff, 0x2e, 0x5f, 0x33, 0xff, 0x2e, 0x5f, 0x33, 0xff, 0x2d, 0x60, 0x33, 0xff, 0x2d, 0x60, 0x33, 0xff, 0x2e, 0x60, 0x33, 0xff, 0x2e, 0x60, 0x34, 0xff, 0x2f, 0x60, 0x34, 0xff, 0x30, 0x61, 0x35, 0xff, 0x31, 0x62, 0x36, 0xff, 
  0x32, 0x6d, 0x32, 0xff, 0x32, 0x6d, 0x31, 0xff, 0x31, 0x6c, 0x30, 0xff, 0x30, 0x6c, 0x30, 0xff, 0x30, 0x6b, 0x30, 0xff, 0x2f, 0x6b, 0x30, 0xff, 0x2f, 0x6c, 0x2f, 0xff, 0x2f, 0x6c, 0x2f, 0xff, 0x2e, 0x6d, 0x30, 0xff, 0x2e, 0x6d, 0x30, 0xff, 0x2e, 0x6d, 0x30, 0xff, 0x2f, 0x6d, 0x30, 0xff, 0x30, 0x6d, 0x30, 0xff, 0x31, 0x6d, 0x31, 0xff, 0x32, 0x6d, 0x32, 0xff, 
  0x33, 0x97, 0x30, 0xff, 0x33, 0x97, 0x2e, 0xff, 0x32, 0x96, 0x2c, 0xff, 0x31, 0x96, 0x2c, 0xff, 0x31, 0x96, 0x2d, 0xff, 0x30, 0x96, 0x2d, 0xff, 0x30, 0x97, 0x2d, 0xff, 0x30, 0x98, 0x2e, 0xff, 0x2f, 0x98, 0x2e, 0xff, 0x2f, 0x98, 0x2e, 0xff, 0x2f, 0x98, 0x2e, 0xff, 0x30, 0x98, 0x2e, 0xff, 0x31, 0x98, 0x2f, 0xff, 0x33, 0x98, 0x2f, 0xff, 0x34, 0x98, 0x2f, 0xff, 
  0x33, 0xbb, 0x2e, 0xff, 0x33, 0xbb, 0x2c, 0xff, 0x32, 0xba, 0x2a, 0xff, 0x31, 0xba, 0x2a, 0xff, 0x30, 0xba, 0x2b, 0xff, 0x30, 0xba, 0x2b, 0xff, 0x30, 0xbb, 0x2c, 0xff, 0x2f, 0xbc, 0x2d, 0xff, 0x2e, 0xbc, 0x2d, 0xff, 0x2e, 0xbc, 0x2d, 0xff, 0x2f, 0xbc, 0x2d, 0xff, 0x30, 0xbc, 0x2d, 0xff, 0x32, 0xbc, 0x2e, 0xff, 0x34, 0xbc, 0x2e, 0xff, 0x35, 0xbb, 0x2e, 0xff, 
  0x33, 0xc6, 0x2e, 0xff, 0x32, 0xc6, 0x2b, 0xff, 0x31, 0xc5, 0x2a, 0xff, 0x31, 0xc5, 0x2a, 0xff, 0x30, 0xc5, 0x2a, 0xff, 0x2f, 0xc5, 0x2b, 0xff, 0x2f, 0xc7, 0x2c, 0xff, 0x2f, 0xc8, 0x2d, 0xff, 0x2e, 0xc7, 0x2c, 0xff, 0x2d, 0xc7, 0x2c, 0xff, 0x2e, 0xc7, 0x2c, 0xff, 0x30, 0xc7, 0x2c, 0xff, 0x31, 0xc8, 0x2c, 0xff, 0x33, 0xc7, 0x2c, 0xff, 0x34, 0xc6, 0x2c, 0xff, 
  0x33, 0xc5, 0x2c, 0xff, 0x33, 0xc6, 0x2b, 0xff, 0x32, 0xc5, 0x29, 0xff, 0x30, 0xc4, 0x29, 0xff, 0x2f, 0xc5, 0x29, 0xff, 0x2f, 0xc5, 0x2a, 0xff, 0x2f, 0xc6, 0x2b, 0xff, 0x30, 0xc7, 0x2b, 0xff, 0x2e, 0xc6, 0x2b, 0xff, 0x2d, 0xc6, 0x2b, 0xff, 0x2f, 0xc6, 0x2b, 0xff, 0x31, 0xc7, 0x2b, 0xff, 0x32, 0xc7, 0x2a, 0xff, 0x32, 0xc7, 0x2a, 0xff, 0x33, 0xc7, 0x2b, 0xff, 
  0x34, 0xc5, 0x2b, 0xff, 0x34, 0xc5, 0x2a, 0xff, 0x32, 0xc4, 0x28, 0xff, 0x30, 0xc4, 0x28, 0xff, 0x30, 0xc4, 0x28, 0xff, 0x2f, 0xc4, 0x29, 0xff, 0x30, 0xc5, 0x2a, 0xff, 0x31, 0xc6, 0x2a, 0xff, 0x30, 0xc5, 0x2a, 0xff, 0x2f, 0xc5, 0x2a, 0xff, 0x31, 0xc5, 0x2b, 0xff, 0x32, 0xc6, 0x2a, 0xff, 0x33, 0xc6, 0x29, 0xff, 0x33, 0xc6, 0x29, 0xff, 0x33, 0xc7, 0x2a, 0xff, 
  0x35, 0xc4, 0x29, 0xff, 0x34, 0xc4, 0x28, 0xff, 0x32, 0xc4, 0x28, 0xff, 0x31, 0xc4, 0x27, 0xff, 0x31, 0xc3, 0x27, 0xff, 0x30, 0xc3, 0x28, 0xff, 0x31, 0xc3, 0x28, 0xff, 0x32, 0xc4, 0x28, 0xff, 0x31, 0xc4, 0x28, 0xff, 0x30, 0xc4, 0x28, 0xff, 0x32, 0xc4, 0x29, 0xff, 0x33, 0xc5, 0x28, 0xff, 0x33, 0xc6, 0x28, 0xff, 0x34, 0xc6, 0x28, 0xff, 0x34, 0xc7, 0x29, 0xff, 
  0x35, 0xc2, 0x28, 0xff, 0x33, 0xc2, 0x27, 0xff, 0x32, 0xc2, 0x27, 0xff, 0x32, 0xc2, 0x27, 0xff, 0x31, 0xc1, 0x27, 0xff, 0x31, 0xc0, 0x27, 0xff, 0x31, 0xc0, 0x27, 0xff, 0x31, 0xc0, 0x26, 0xff, 0x31, 0xc0, 0x26, 0xff, 0x31, 0xc0, 0x27, 0xff, 0x32, 0xc0, 0x27, 0xff, 0x33, 0xc1, 0x27, 0xff, 0x33, 0xc2, 0x27, 0xff, 0x34, 0xc3, 0x27, 0xff, 0x34, 0xc3, 0x28, 0xff, 
  0x35, 0xb3, 0x28, 0xff, 0x33, 0xb3, 0x27, 0xff, 0x33, 0xb3, 0x27, 0xff, 0x33, 0xb3, 0x27, 0xff, 0x32, 0xb2, 0x27, 0xff, 0x32, 0xb1, 0x27, 0xff, 0x31, 0xb1, 0x27, 0xff, 0x31, 0xb1, 0x26, 0xff, 0x31, 0xb1, 0x25, 0xff, 0x31, 0xb1, 0x26, 0xff, 0x31, 0xb1, 0x26, 0xff, 0x32, 0xb2, 0x27, 0xff, 0x33, 0xb3, 0x26, 0xff, 0x33, 0xb4, 0x27, 0xff, 0x34, 0xb4, 0x28, 0xff, 
  0x34, 0x94, 0x2a, 0xff, 0x33, 0x93, 0x29, 0xff, 0x33, 0x93, 0x29, 0xff, 0x32, 0x93, 0x2a, 0xff, 0x31, 0x92, 0x29, 0xff, 0x31, 0x92, 0x29, 0xff, 0x31, 0x92, 0x29, 0xff, 0x30, 0x92, 0x29, 0xff, 0x31, 0x92, 0x28, 0xff, 0x31, 0x92, 0x29, 0xff, 0x30, 0x92, 0x29, 0xff, 0x30, 0x93, 0x29, 0xff, 0x31, 0x94, 0x29, 0xff, 0x33, 0x95, 0x29, 0xff, 0x35, 0x95, 0x2a, 0xff, 
  0x33, 0x68, 0x2d, 0xff, 0x32, 0x67, 0x2c, 0xff, 0x32, 0x67, 0x2c, 0xff, 0x31, 0x67, 0x2d, 0xff, 0x30, 0x67, 0x2d, 0xff, 0x30, 0x67, 0x2d, 0xff, 0x30, 0x67, 0x2d, 0xff, 0x2f, 0x67, 0x2c, 0xff, 0x30, 0x67, 0x2c, 0xff, 0x30, 0x67, 0x2d, 0xff, 0x2f, 0x67, 0x2d, 0xff, 0x2f, 0x67, 0x2d, 0xff, 0x30, 0x68, 0x2d, 0xff, 0x32, 0x69, 0x2d, 0xff, 0x34, 0x69, 0x2e, 0xff, 
  0x33, 0x5a, 0x2c, 0xff, 0x32, 0x59, 0x2b, 0xff, 0x32, 0x59, 0x2b, 0xff, 0x32, 0x59, 0x2c, 0xff, 0x32, 0x59, 0x2c, 0xff, 0x32, 0x59, 0x2b, 0xff, 0x31, 0x59, 0x2b, 0xff, 0x31, 0x59, 0x2b, 0xff, 0x31, 0x59, 0x2b, 0xff, 0x31, 0x5a, 0x2c, 0xff, 0x31, 0x59, 0x2b, 0xff, 0x31, 0x59, 0x2b, 0xff, 0x31, 0x5a, 0x2c, 0xff, 0x33, 0x5b, 0x2d, 0xff, 0x34, 0x5b, 0x2d, 0xff, 
  0x36, 0x7e, 0x26, 0xff, 0x35, 0x7f, 0x24, 0xff, 0x35, 0x7f, 0x23, 0xff, 0x35, 0x7f, 0x24, 0xff, 0x35, 0x7f, 0x24, 0xff, 0x35, 0x7e, 0x23, 0xff, 0x34, 0x7e, 0x23, 0xff, 0x34, 0x7e, 0x23, 0xff, 0x35, 0x80, 0x23, 0xff, 0x35, 0x80, 0x23, 0xff, 0x34, 0x7f, 0x23, 0xff, 0x34, 0x7e, 0x23, 0xff, 0x34, 0x7f, 0x23, 0xff, 0x35, 0x80, 0x25, 0xff, 0x37, 0x80, 0x25, 0xff, 
  0x37, 0xa7, 0x1d, 0xff, 0x36, 0xa7, 0x1b, 0xff, 0x37, 0xa8, 0x1b, 0xff, 0x36, 0xa8, 0x1b, 0xff, 0x36, 0xa8, 0x1b, 0xff, 0x36, 0xa7, 0x1b, 0xff, 0x35, 0xa7, 0x1b, 0xff, 0x36, 0xa8, 0x1a, 0xff, 0x38, 0xa9, 0x1b, 0xff, 0x38, 0xa9, 0x1b, 0xff, 0x37, 0xa8, 0x1b, 0xff, 0x36, 0xa7, 0x1b, 0xff, 0x36, 0xa7, 0x1b, 0xff, 0x38, 0xa8, 0x1d, 0xff, 0x39, 0xa9, 0x1d, 0xff, 
  0x36, 0xb6, 0x1a, 0xff, 0x35, 0xb6, 0x18, 0xff, 0x36, 0xb7, 0x18, 0xff, 0x35, 0xb7, 0x18, 0xff, 0x35, 0xb7, 0x18, 0xff, 0x35, 0xb8, 0x18, 0xff, 0x34, 0xb7, 0x18, 0xff, 0x35, 0xb7, 0x17, 0xff, 0x37, 0xb8, 0x18, 0xff, 0x38, 0xb9, 0x18, 0xff, 0x37, 0xb8, 0x18, 0xff, 0x36, 0xb8, 0x18, 0xff, 0x36, 0xb8, 0x18, 0xff, 0x37, 0xb8, 0x1a, 0xff, 0x38, 0xb8, 0x1a, 0xff, 
  0x35, 0xbb, 0x17, 0xff, 0x33, 0xbb, 0x15, 0xff, 0x33, 0xbb, 0x15, 0xff, 0x34, 0xbb, 0x15, 0xff, 0x35, 0xbb, 0x15, 0xff, 0x36, 0xbc, 0x16, 0xff, 0x35, 0xbb, 0x16, 0xff, 0x35, 0xbb, 0x16, 0xff, 0x35, 0xbc, 0x16, 0xff, 0x36, 0xbc, 0x16, 0xff, 0x37, 0xbd, 0x16, 0xff, 0x37, 0xbd, 0x17, 0xff, 0x37, 0xbc, 0x18, 0xff, 0x37, 0xbc, 0x18, 0xff, 0x38, 0xbd, 0x17, 0xff, 
  0x35, 0xbc, 0x17, 0xff, 0x32, 0xbb, 0x15, 0xff, 0x32, 0xba, 0x14, 0xff, 0x33, 0xba, 0x14, 0xff, 0x34, 0xba, 0x14, 0xff, 0x35, 0xbb, 0x15, 0xff, 0x35, 0xbc, 0x15, 0xff, 0x35, 0xbb, 0x15, 0xff, 0x35, 0xbb, 0x16, 0xff, 0x35, 0xbb, 0x15, 0xff, 0x36, 0xbc, 0x15, 0xff, 0x37, 0xbd, 0x16, 0xff, 0x37, 0xbc, 0x17, 0xff, 0x37, 0xbc, 0x17, 0xff, 0x37, 0xbe, 0x16, 0xff, 
  0x35, 0xbd, 0x17, 0xff, 0x31, 0xbb, 0x15, 0xff, 0x30, 0xba, 0x13, 0xff, 0x31, 0xba, 0x13, 0xff, 0x33, 0xba, 0x14, 0xff, 0x35, 0xba, 0x14, 0xff, 0x35, 0xbb, 0x15, 0xff, 0x35, 0xbb, 0x15, 0xff, 0x35, 0xba, 0x15, 0xff, 0x35, 0xba, 0x14, 0xff, 0x36, 0xbb, 0x15, 0xff, 0x37, 0xbc, 0x16, 0xff, 0x38, 0xbc, 0x16, 0xff, 0x38, 0xbc, 0x17, 0xff, 0x38, 0xbe, 0x16, 0xff, 
  0x35, 0xbb, 0x16, 0xff, 0x32, 0xb9, 0x14, 0xff, 0x30, 0xb9, 0x13, 0xff, 0x30, 0xb9, 0x13, 0xff, 0x31, 0xb9, 0x12, 0xff, 0x33, 0xb9, 0x13, 0xff, 0x33, 0xb9, 0x13, 0xff, 0x33, 0xba, 0x13, 0xff, 0x34, 0xba, 0x14, 0xff, 0x35, 0xb9, 0x13, 0xff, 0x35, 0xba, 0x14, 0xff, 0x37, 0xbb, 0x15, 0xff, 0x37, 0xbb, 0x15, 0xff, 0x37, 0xbb, 0x16, 0xff, 0x38, 0xbd, 0x15, 0xff, 
  0x35, 0xb9, 0x16, 0xff, 0x33, 0xb7, 0x14, 0xff, 0x31, 0xb7, 0x13, 0xff, 0x31, 0xb7, 0x12, 0xff, 0x31, 0xb7, 0x11, 0xff, 0x32, 0xb6, 0x12, 0xff, 0x32, 0xb7, 0x12, 0xff, 0x32, 0xb8, 0x12, 0xff, 0x33, 0xb8, 0x13, 0xff, 0x34, 0xb8, 0x13, 0xff, 0x35, 0xb8, 0x13, 0xff, 0x37, 0xba, 0x14, 0xff, 0x37, 0xba, 0x14, 0xff, 0x37, 0xba, 0x15, 0xff, 0x38, 0xbc, 0x14, 0xff, 
  0x36, 0xb1, 0x18, 0xff, 0x34, 0xaf, 0x16, 0xff, 0x33, 0xaf, 0x15, 0xff, 0x32, 0xae, 0x14, 0xff, 0x31, 0xae, 0x14, 0xff, 0x32, 0xae, 0x14, 0xff, 0x32, 0xaf, 0x14, 0xff, 0x32, 0xb0, 0x14, 0xff, 0x32, 0xb0, 0x14, 0xff, 0x34, 0xb0, 0x15, 0xff, 0x35, 0xb0, 0x15, 0xff, 0x37, 0xb2, 0x16, 0xff, 0x37, 0xb3, 0x16, 0xff, 0x37, 0xb3, 0x17, 0xff, 0x38, 0xb4, 0x16, 0xff, 
#endif
};

const lv_img_dsc_t level_2 = {
  .header.cf = LV_IMG_CF_TRUE_COLOR,
  .header.always_zero = 0,
  .header.reserved = 0,
  .header.w = 15,
  .header.h = 211,
  .data_size = 3165 * LV_COLOR_SIZE / 8,
  .data = level_2_map,
};
